
CREATE TABLE `action_logs` (
  `id` bigint(20) unsigned NOT NULL AUTO_INCREMENT,
  `user_id` bigint(20) unsigned DEFAULT NULL,
  `action` varchar(255) NOT NULL,
  `proforma_id` bigint(20) unsigned DEFAULT NULL,
  `facture_id` bigint(20) unsigned DEFAULT NULL,
  `description` text DEFAULT NULL,
  `created_at` timestamp NULL DEFAULT NULL,
  `updated_at` timestamp NULL DEFAULT NULL,
  `filiale_id` bigint(20) unsigned DEFAULT NULL,
  PRIMARY KEY (`id`),
  KEY `action_logs_user_id_foreign` (`user_id`),
  KEY `action_logs_proforma_id_foreign` (`proforma_id`),
  KEY `action_logs_facture_id_foreign` (`facture_id`),
  KEY `action_logs_filiale_id_foreign` (`filiale_id`),
  CONSTRAINT `action_logs_facture_id_foreign` FOREIGN KEY (`facture_id`) REFERENCES `factures` (`id`) ON DELETE CASCADE,
  CONSTRAINT `action_logs_filiale_id_foreign` FOREIGN KEY (`filiale_id`) REFERENCES `filiales` (`id`) ON DELETE SET NULL,
  CONSTRAINT `action_logs_proforma_id_foreign` FOREIGN KEY (`proforma_id`) REFERENCES `proformas` (`id`) ON DELETE CASCADE,
  CONSTRAINT `action_logs_user_id_foreign` FOREIGN KEY (`user_id`) REFERENCES `users` (`id`) ON DELETE CASCADE
) ENGINE=InnoDB AUTO_INCREMENT=65 DEFAULT CHARSET=utf8mb4 COLLATE=utf8mb4_unicode_ci;

INSERT INTO `action_logs` VALUES (14,3,'Création proforma',3,NULL,'Proforma créée avec référence 0107/DDCS/2025','2025-08-25 16:22:42','2025-08-25 16:22:42',1),(15,NULL,'Modification statut proforma',3,NULL,'Statut modifié de « en attente » à « validée » pour la proforma #3.','2025-08-25 16:33:22','2025-08-25 16:33:22',NULL),(26,NULL,'Modification statut facture',NULL,NULL,'Statut modifié de « brouillon » à « payée » pour la facture FAC-2025-0001','2025-09-01 16:49:19','2025-09-01 16:49:19',NULL),(31,NULL,'Modification statut facture',NULL,NULL,'Statut modifié de « brouillon » à « payée » pour la facture FAC-2025-0001','2025-09-01 17:15:09','2025-09-01 17:15:09',NULL),(42,NULL,'Modification statut facture',NULL,NULL,'Statut modifié de « brouillon » à « payée » pour la facture FAC-2025-0001','2025-09-02 11:06:34','2025-09-02 11:06:34',NULL),(45,NULL,'Modification statut facture',NULL,NULL,'Statut modifié de « brouillon » à « payée » pour la facture FAC-2025-0001','2025-09-02 11:43:25','2025-09-02 11:43:25',NULL),(50,NULL,'Modification statut facture',NULL,NULL,'Statut modifié de « brouillon » à « payée » pour la facture FAC-2025-0001','2025-09-02 11:46:27','2025-09-02 11:46:27',NULL),(61,5,'Création proforma',4,NULL,'Proforma créée avec référence 0001/YADICARCENTER/2025','2025-09-03 15:14:02','2025-09-03 15:14:02',2),(62,2,'Création facture',NULL,32,'Facture créée depuis la proforma 0107/DDCS/2025','2025-09-03 15:31:32','2025-09-03 15:31:32',NULL),(63,NULL,'Modification statut proforma',4,NULL,'Statut modifié de « en attente » à « validée » pour la proforma #4.','2025-09-03 15:42:09','2025-09-03 15:42:09',NULL),(64,5,'Création facture',NULL,33,'Facture créée depuis la proforma 0001/YADICARCENTER/2025','2025-09-03 15:42:09','2025-09-03 15:42:09',NULL);

CREATE TABLE `activity_log` (
  `id` bigint(20) unsigned NOT NULL AUTO_INCREMENT,
  `log_name` varchar(255) DEFAULT NULL,
  `description` text NOT NULL,
  `subject_type` varchar(255) DEFAULT NULL,
  `event` varchar(255) DEFAULT NULL,
  `subject_id` bigint(20) unsigned DEFAULT NULL,
  `causer_type` varchar(255) DEFAULT NULL,
  `causer_id` bigint(20) unsigned DEFAULT NULL,
  `properties` longtext CHARACTER SET utf8mb4 COLLATE utf8mb4_bin DEFAULT NULL CHECK (json_valid(`properties`)),
  `batch_uuid` char(36) DEFAULT NULL,
  `created_at` timestamp NULL DEFAULT NULL,
  `updated_at` timestamp NULL DEFAULT NULL,
  PRIMARY KEY (`id`),
  KEY `subject` (`subject_type`,`subject_id`),
  KEY `causer` (`causer_type`,`causer_id`),
  KEY `activity_log_log_name_index` (`log_name`)
) ENGINE=InnoDB DEFAULT CHARSET=utf8mb4 COLLATE=utf8mb4_unicode_ci;

CREATE TABLE `activity_logs` (
  `id` bigint(20) unsigned NOT NULL AUTO_INCREMENT,
  `action` varchar(255) NOT NULL,
  `entity_type` varchar(255) NOT NULL,
  `entity_id` bigint(20) unsigned NOT NULL,
  `description` text DEFAULT NULL,
  `created_at` timestamp NULL DEFAULT NULL,
  `updated_at` timestamp NULL DEFAULT NULL,
  `filiale_id` bigint(20) unsigned DEFAULT NULL,
  `user_id` bigint(20) unsigned DEFAULT NULL,
  PRIMARY KEY (`id`),
  KEY `activity_logs_filiale_id_foreign` (`filiale_id`),
  KEY `activity_logs_user_id_foreign` (`user_id`),
  CONSTRAINT `activity_logs_filiale_id_foreign` FOREIGN KEY (`filiale_id`) REFERENCES `filiales` (`id`) ON DELETE SET NULL,
  CONSTRAINT `activity_logs_user_id_foreign` FOREIGN KEY (`user_id`) REFERENCES `users` (`id`) ON DELETE SET NULL
) ENGINE=InnoDB AUTO_INCREMENT=18 DEFAULT CHARSET=utf8mb4 COLLATE=utf8mb4_unicode_ci;

INSERT INTO `activity_logs` VALUES (1,'Mise à jour','Proforma',1,'Proforma 0107/DDCS/2025 mise à jour.','2025-08-22 11:59:50','2025-08-22 11:59:50',NULL,2),(2,'Création','Proforma',2,'Proforma PF002 créée.','2025-08-25 10:05:06','2025-08-25 10:05:06',1,3),(3,'Changement de statut','Proforma',1,'La proforma #1 est passée de « en attente » à « validée ».','2025-08-25 10:13:07','2025-08-25 10:13:07',NULL,NULL),(4,'Mise à jour','Proforma',1,'Proforma 0107/DDCS/2025 mise à jour.','2025-08-25 15:45:15','2025-08-25 15:45:15',1,3),(5,'Mise à jour','Proforma',1,'Proforma 0107/DDCS/2025 mise à jour.','2025-08-25 15:46:26','2025-08-25 15:46:26',NULL,2),(6,'Mise à jour','Proforma',1,'Proforma 0107/DDCS/2025 mise à jour.','2025-08-25 15:57:29','2025-08-25 15:57:29',1,3),(7,'Mise à jour','Proforma',1,'Proforma 0107/DDCS/2025 mise à jour.','2025-08-25 15:57:52','2025-08-25 15:57:52',NULL,2),(8,'Mise à jour','Proforma',1,'Proforma 0107/DDCS/2025 mise à jour.','2025-08-25 16:02:04','2025-08-25 16:02:04',1,3),(9,'Création','Proforma',3,'Proforma 0107/DDCS/2025 créée.','2025-08-25 16:22:42','2025-08-25 16:22:42',1,3),(10,'Changement de statut','Proforma',3,'La proforma #3 est passée de « en attente » à « validée ».','2025-08-25 16:33:22','2025-08-25 16:33:22',NULL,NULL),(11,'Changement de statut','Facture',13,'La facture FAC-2025-0001 est passée de « brouillon » à « payée ».','2025-09-01 16:49:19','2025-09-01 16:49:19',NULL,NULL),(12,'Changement de statut','Facture',16,'La facture FAC-2025-0001 est passée de « brouillon » à « payée ».','2025-09-01 17:15:09','2025-09-01 17:15:09',NULL,NULL),(13,'Changement de statut','Facture',22,'La facture FAC-2025-0001 est passée de « brouillon » à « payée ».','2025-09-02 11:06:34','2025-09-02 11:06:34',NULL,NULL),(14,'Changement de statut','Facture',23,'La facture FAC-2025-0001 est passée de « brouillon » à « payée ».','2025-09-02 11:43:25','2025-09-02 11:43:25',NULL,NULL),(15,'Changement de statut','Facture',25,'La facture FAC-2025-0001 est passée de « brouillon » à « payée ».','2025-09-02 11:46:27','2025-09-02 11:46:27',NULL,NULL),(16,'Création','Proforma',4,'Proforma 0001/YADICARCENTER/2025 créée.','2025-09-03 15:14:02','2025-09-03 15:14:02',2,5),(17,'Changement de statut','Proforma',4,'La proforma #4 est passée de « en attente » à « validée ».','2025-09-03 15:42:09','2025-09-03 15:42:09',NULL,NULL);

CREATE TABLE `articles` (
  `id` bigint(20) unsigned NOT NULL AUTO_INCREMENT,
  `proforma_id` bigint(20) unsigned DEFAULT NULL,
  `facture_id` bigint(20) unsigned DEFAULT NULL,
  `designation` varchar(255) NOT NULL,
  `quantity` int(11) NOT NULL,
  `unit_price` decimal(10,2) NOT NULL,
  `total` decimal(10,2) DEFAULT NULL,
  `created_at` timestamp NULL DEFAULT NULL,
  `updated_at` timestamp NULL DEFAULT NULL,
  `filiale_id` bigint(20) unsigned DEFAULT NULL,
  PRIMARY KEY (`id`),
  KEY `articles_proforma_id_foreign` (`proforma_id`),
  KEY `articles_facture_id_foreign` (`facture_id`),
  KEY `articles_filiale_id_foreign` (`filiale_id`),
  CONSTRAINT `articles_facture_id_foreign` FOREIGN KEY (`facture_id`) REFERENCES `factures` (`id`) ON DELETE CASCADE,
  CONSTRAINT `articles_filiale_id_foreign` FOREIGN KEY (`filiale_id`) REFERENCES `filiales` (`id`),
  CONSTRAINT `articles_proforma_id_foreign` FOREIGN KEY (`proforma_id`) REFERENCES `proformas` (`id`) ON DELETE CASCADE
) ENGINE=InnoDB AUTO_INCREMENT=56 DEFAULT CHARSET=utf8mb4 COLLATE=utf8mb4_unicode_ci;

INSERT INTO `articles` VALUES (44,3,NULL,'1er et 8eme plateau-Direction Generale',1,2500000.00,2500000.00,'2025-08-25 16:22:42','2025-08-25 16:22:42',NULL),(45,3,NULL,'RDJ plateau- Direction Generale',1,2500000.00,2500000.00,'2025-08-25 16:22:42','2025-08-25 16:22:42',NULL),(46,3,NULL,'Tresor Adjame',1,2500000.00,2500000.00,'2025-08-25 16:22:42','2025-08-25 16:22:42',NULL),(47,3,NULL,'Tresor Plateau place de Republique',1,2500000.00,2500000.00,'2025-08-25 16:22:42','2025-08-25 16:22:42',NULL),(48,3,NULL,'TG-paierie -ACCD Dabou',1,2500000.00,2500000.00,'2025-08-25 16:22:42','2025-08-25 16:22:42',NULL),(49,3,NULL,'Plateau, DCS 6e et 8e etage immeuble Azur',1,2500000.00,2500000.00,'2025-08-25 16:22:42','2025-08-25 16:22:42',NULL),(50,4,NULL,'FILTRE A AIR',1,25000.00,25000.00,'2025-09-03 15:14:02','2025-09-03 15:14:02',NULL),(51,4,NULL,'FILTRE A POLLEN',1,25000.00,25000.00,'2025-09-03 15:14:02','2025-09-03 15:14:02',NULL),(52,4,NULL,'FILTRE A HUILE',1,20000.00,20000.00,'2025-09-03 15:14:02','2025-09-03 15:14:02',NULL),(53,4,NULL,'LIQUIDE DE LAVE-GLACE',1,5000.00,5000.00,'2025-09-03 15:14:02','2025-09-03 15:14:02',NULL),(54,4,NULL,'LITRES D\'HUILE MOTEUR 15W40',5,6400.00,32000.00,'2025-09-03 15:14:02','2025-09-03 15:14:02',NULL),(55,4,NULL,'MAIN D\'OEUVRE MECANIQUE',1,30000.00,30000.00,'2025-09-03 15:14:02','2025-09-03 15:14:02',NULL);

CREATE TABLE `cache` (
  `key` varchar(255) NOT NULL,
  `value` mediumtext NOT NULL,
  `expiration` int(11) NOT NULL,
  PRIMARY KEY (`key`)
) ENGINE=InnoDB DEFAULT CHARSET=utf8mb4 COLLATE=utf8mb4_unicode_ci;

CREATE TABLE `cache_locks` (
  `key` varchar(255) NOT NULL,
  `owner` varchar(255) NOT NULL,
  `expiration` int(11) NOT NULL,
  PRIMARY KEY (`key`)
) ENGINE=InnoDB DEFAULT CHARSET=utf8mb4 COLLATE=utf8mb4_unicode_ci;

CREATE TABLE `catalog_articles` (
  `id` bigint(20) unsigned NOT NULL AUTO_INCREMENT,
  `name` varchar(255) NOT NULL,
  `default_price` decimal(10,2) DEFAULT NULL,
  `created_at` timestamp NULL DEFAULT NULL,
  `updated_at` timestamp NULL DEFAULT NULL,
  `filiale_id` bigint(20) unsigned DEFAULT NULL,
  PRIMARY KEY (`id`),
  KEY `catalog_articles_filiale_id_foreign` (`filiale_id`),
  CONSTRAINT `catalog_articles_filiale_id_foreign` FOREIGN KEY (`filiale_id`) REFERENCES `filiales` (`id`) ON DELETE CASCADE
) ENGINE=InnoDB AUTO_INCREMENT=16 DEFAULT CHARSET=utf8mb4 COLLATE=utf8mb4_unicode_ci;

INSERT INTO `catalog_articles` VALUES (1,'1er et 8eme plateau-Direction Generale',2500000.00,'2025-08-22 10:15:15','2025-08-22 10:17:11',1),(2,'RDJ plateau- Direction Generale',2500000.00,'2025-08-22 10:15:41','2025-08-22 10:17:48',1),(3,'Tresor Adjame',2500000.00,'2025-08-22 10:16:06','2025-08-22 10:18:14',1),(4,'Tresor Plateau place de Republique',2500000.00,'2025-08-22 10:18:49','2025-08-22 10:18:49',1),(5,'TG-paierie -ACCD Dabou',2500000.00,'2025-08-22 10:19:21','2025-08-22 10:19:21',1),(6,'Plateau, DCS 6e et 8e etage immeuble Azur',2500000.00,'2025-08-22 10:19:48','2025-08-22 10:19:48',1),(7,'FILTRE A AIR',25000.00,'2025-09-03 14:38:52','2025-09-03 14:38:52',2),(11,'FILTRE A POLLEN',25000.00,'2025-09-03 15:06:01','2025-09-03 15:06:01',2),(12,'FILTRE A HUILE',20000.00,'2025-09-03 15:07:03','2025-09-03 15:08:22',2),(13,'LIQUIDE DE LAVE-GLACE',5000.00,'2025-09-03 15:08:08','2025-09-03 15:08:08',2),(14,'LITRES D\'HUILE MOTEUR 15W40',6400.00,'2025-09-03 15:09:14','2025-09-03 15:09:14',2),(15,'MAIN D\'OEUVRE MECANIQUE',30000.00,'2025-09-03 15:09:54','2025-09-03 15:09:54',2);

CREATE TABLE `clients` (
  `id` bigint(20) unsigned NOT NULL AUTO_INCREMENT,
  `filiale_id` bigint(20) unsigned NOT NULL,
  `name` varchar(255) NOT NULL,
  `responsable` varchar(255) DEFAULT NULL,
  `email` varchar(255) DEFAULT NULL,
  `phone` varchar(255) DEFAULT NULL,
  `address` varchar(255) DEFAULT NULL,
  `created_at` timestamp NULL DEFAULT NULL,
  `updated_at` timestamp NULL DEFAULT NULL,
  `rccm` varchar(255) DEFAULT NULL,
  PRIMARY KEY (`id`),
  KEY `clients_filiale_id_foreign` (`filiale_id`),
  CONSTRAINT `clients_filiale_id_foreign` FOREIGN KEY (`filiale_id`) REFERENCES `filiales` (`id`) ON DELETE CASCADE
) ENGINE=InnoDB AUTO_INCREMENT=11 DEFAULT CHARSET=utf8mb4 COLLATE=utf8mb4_unicode_ci;

INSERT INTO `clients` VALUES (1,1,'Ivoire Distribution S.A.','Kouadio Jean-Marc','contact@ivoiredistribution.ci','+225 0700000001','Zone industrielle de Yopougon, Abidjan','2025-08-22 10:14:26','2025-08-22 10:14:26','CI-ABJ-2022-B-12345'),(10,2,'Distribution S.A.','Kouassi Jean-Marc','contact@distribution.ci','+225 07 89 45 23 67','Zone 4, Rue des Carrossiers, Abidjan, Côte d’Ivoire','2025-09-03 14:37:54','2025-09-03 14:37:54','CI‑ABJ‑2018‑A‑12345');

CREATE TABLE `facture_articles` (
  `id` bigint(20) unsigned NOT NULL AUTO_INCREMENT,
  `facture_id` bigint(20) unsigned NOT NULL,
  `designation` varchar(255) NOT NULL,
  `quantity` int(11) NOT NULL,
  `unit_price` decimal(10,2) NOT NULL,
  `total` decimal(10,2) NOT NULL,
  `created_at` timestamp NULL DEFAULT NULL,
  `updated_at` timestamp NULL DEFAULT NULL,
  PRIMARY KEY (`id`),
  KEY `facture_articles_facture_id_foreign` (`facture_id`),
  CONSTRAINT `facture_articles_facture_id_foreign` FOREIGN KEY (`facture_id`) REFERENCES `factures` (`id`) ON DELETE CASCADE
) ENGINE=InnoDB AUTO_INCREMENT=199 DEFAULT CHARSET=utf8mb4 COLLATE=utf8mb4_unicode_ci;

INSERT INTO `facture_articles` VALUES (187,32,'1er et 8eme plateau-Direction Generale',1,2500000.00,2500000.00,'2025-09-03 15:31:32','2025-09-03 15:31:32'),(188,32,'RDJ plateau- Direction Generale',1,2500000.00,2500000.00,'2025-09-03 15:31:32','2025-09-03 15:31:32'),(189,32,'Tresor Adjame',1,2500000.00,2500000.00,'2025-09-03 15:31:32','2025-09-03 15:31:32'),(190,32,'Tresor Plateau place de Republique',1,2500000.00,2500000.00,'2025-09-03 15:31:32','2025-09-03 15:31:32'),(191,32,'TG-paierie -ACCD Dabou',1,2500000.00,2500000.00,'2025-09-03 15:31:32','2025-09-03 15:31:32'),(192,32,'Plateau, DCS 6e et 8e etage immeuble Azur',1,2500000.00,2500000.00,'2025-09-03 15:31:32','2025-09-03 15:31:32'),(193,33,'FILTRE A AIR',1,25000.00,25000.00,'2025-09-03 15:42:09','2025-09-03 15:42:09'),(194,33,'FILTRE A POLLEN',1,25000.00,25000.00,'2025-09-03 15:42:09','2025-09-03 15:42:09'),(195,33,'FILTRE A HUILE',1,20000.00,20000.00,'2025-09-03 15:42:09','2025-09-03 15:42:09'),(196,33,'LIQUIDE DE LAVE-GLACE',1,5000.00,5000.00,'2025-09-03 15:42:09','2025-09-03 15:42:09'),(197,33,'LITRES D\'HUILE MOTEUR 15W40',5,6400.00,32000.00,'2025-09-03 15:42:09','2025-09-03 15:42:09'),(198,33,'MAIN D\'OEUVRE MECANIQUE',1,30000.00,30000.00,'2025-09-03 15:42:09','2025-09-03 15:42:09');

CREATE TABLE `factures` (
  `id` bigint(20) unsigned NOT NULL AUTO_INCREMENT,
  `client_id` bigint(20) unsigned NOT NULL,
  `proforma_id` bigint(20) unsigned DEFAULT NULL,
  `reference` varchar(255) NOT NULL,
  `numero` varchar(255) DEFAULT NULL,
  `date` date NOT NULL,
  `amount` decimal(15,2) NOT NULL,
  `created_at` timestamp NULL DEFAULT NULL,
  `updated_at` timestamp NULL DEFAULT NULL,
  `status` varchar(255) NOT NULL DEFAULT 'brouillon',
  `tva_rate` decimal(5,2) NOT NULL DEFAULT 18.00,
  `user_id` bigint(20) unsigned DEFAULT NULL,
  `filiale_id` bigint(20) unsigned DEFAULT NULL,
  `description` text DEFAULT NULL,
  `bon_commande` varchar(255) DEFAULT NULL,
  `remise` decimal(5,2) DEFAULT NULL,
  `acompte_pourcentage` decimal(5,2) NOT NULL DEFAULT 0.00,
  `acompte_montant` decimal(15,2) NOT NULL DEFAULT 0.00,
  `montant_a_payer` decimal(15,2) NOT NULL DEFAULT 0.00,
  `montant_paye` decimal(10,2) NOT NULL DEFAULT 0.00,
  `reste_a_payer` decimal(10,2) NOT NULL DEFAULT 0.00,
  PRIMARY KEY (`id`),
  UNIQUE KEY `factures_reference_unique` (`reference`),
  UNIQUE KEY `factures_numero_unique` (`numero`),
  KEY `factures_client_id_foreign` (`client_id`),
  KEY `factures_proforma_id_foreign` (`proforma_id`),
  KEY `factures_user_id_foreign` (`user_id`),
  KEY `factures_filiale_id_foreign` (`filiale_id`),
  CONSTRAINT `factures_client_id_foreign` FOREIGN KEY (`client_id`) REFERENCES `clients` (`id`) ON DELETE CASCADE,
  CONSTRAINT `factures_filiale_id_foreign` FOREIGN KEY (`filiale_id`) REFERENCES `filiales` (`id`) ON DELETE SET NULL,
  CONSTRAINT `factures_proforma_id_foreign` FOREIGN KEY (`proforma_id`) REFERENCES `proformas` (`id`) ON DELETE SET NULL,
  CONSTRAINT `factures_user_id_foreign` FOREIGN KEY (`user_id`) REFERENCES `users` (`id`) ON DELETE SET NULL
) ENGINE=InnoDB AUTO_INCREMENT=34 DEFAULT CHARSET=utf8mb4 COLLATE=utf8mb4_unicode_ci;

INSERT INTO `factures` VALUES (32,1,3,'FAC-2025-0001',NULL,'2025-09-03',15000000.00,'2025-09-03 15:31:32','2025-09-03 15:31:32','brouillon',18.00,2,1,'MAINTENANCE ANNUELLE DGTCP','OCCS-BC2025-00170',5.00,50.00,8407500.00,8407500.00,8407500.00,8407500.00),(33,10,4,'FAC-2025-0070',NULL,'2025-09-03',137000.00,'2025-09-03 15:42:09','2025-09-03 15:42:09','brouillon',18.00,5,2,'MAINTENANCE VEHICULE','OCCS-BC2025-00001',5.00,50.00,76788.50,76788.50,76788.50,76788.50);

CREATE TABLE `failed_jobs` (
  `id` bigint(20) unsigned NOT NULL AUTO_INCREMENT,
  `uuid` varchar(255) NOT NULL,
  `connection` text NOT NULL,
  `queue` text NOT NULL,
  `payload` longtext NOT NULL,
  `exception` longtext NOT NULL,
  `failed_at` timestamp NOT NULL DEFAULT current_timestamp(),
  PRIMARY KEY (`id`),
  UNIQUE KEY `failed_jobs_uuid_unique` (`uuid`)
) ENGINE=InnoDB DEFAULT CHARSET=utf8mb4 COLLATE=utf8mb4_unicode_ci;

CREATE TABLE `filiales` (
  `id` bigint(20) unsigned NOT NULL AUTO_INCREMENT,
  `nom` varchar(255) NOT NULL,
  `code` varchar(255) NOT NULL,
  `description` text DEFAULT NULL,
  `logo_path` varchar(255) DEFAULT NULL,
  `footer_text` text DEFAULT NULL,
  `created_at` timestamp NULL DEFAULT NULL,
  `updated_at` timestamp NULL DEFAULT NULL,
  PRIMARY KEY (`id`),
  UNIQUE KEY `filiales_code_unique` (`code`)
) ENGINE=InnoDB AUTO_INCREMENT=5 DEFAULT CHARSET=utf8mb4 COLLATE=utf8mb4_unicode_ci;

INSERT INTO `filiales` VALUES (1,'DDCS','DDCS-001','Digital Data Capture Solutions','storage/logos/Y6FW7Au5hNSUVRb7UxyJvOCf2SXr0N4M1pCaNjts.png','Abidjan, Cocody - Près de nouvel hôtel d\'Angré ; Adresse : B.P 617 Cidex 5 Abidjan\r\nRCCM : CI-ABJ-2017-B 1 0674 • NCC : 1720772M\r\nTel : +(225) 25 22 00 78 30 • Cel : +(225) 07 57 14 52 24','2025-08-20 11:00:13','2025-08-26 16:52:07'),(2,'YADI CAR CENTER','YADI-002','YADI CAR CENTER','storage/logos/9JHuV7F8BaiTNyLs27vMLpiR0Wx3mR5vt3pkTlUv.png','YADI CAR CENTER SARL au Capital de 5.000.000 F CFA • Siège Social : Abidjan Cocody-Riviera Palmeraie\r\nAdresse : B.P 617 CIDEX 5 ABJ • TEL : +(225) 25 22 00 78 30 • CEL : +(225) 07 58 84 89 59 • Email : contact@yadi.ci\r\nRCCM : CI-ABJ-2019-B-12564 • Compte Banciare CAC MICROFINANCE N°COMPTE : 251010003497','2025-08-20 12:52:16','2025-08-26 16:53:24'),(3,'YDIA CONSTRUCTION','YDIA_CONSTRUCTION-003','YDIA CONSTRUCTION','storage/logos/fyQtirL5JV9tjYGirg5edhHNtaMzYwX4v5q1yvip.png',NULL,'2025-08-20 12:55:45','2025-08-26 16:49:32'),(4,'VROOM','VROOM-004','VROOM','storage/logos/AmppinbAn8QwFJ09DeCbG2ER5H0WcEXVcx0jQeIg.png',NULL,'2025-08-20 12:56:17','2025-08-26 16:49:04');

CREATE TABLE `job_batches` (
  `id` varchar(255) NOT NULL,
  `name` varchar(255) NOT NULL,
  `total_jobs` int(11) NOT NULL,
  `pending_jobs` int(11) NOT NULL,
  `failed_jobs` int(11) NOT NULL,
  `failed_job_ids` longtext NOT NULL,
  `options` mediumtext DEFAULT NULL,
  `cancelled_at` int(11) DEFAULT NULL,
  `created_at` int(11) NOT NULL,
  `finished_at` int(11) DEFAULT NULL,
  PRIMARY KEY (`id`)
) ENGINE=InnoDB DEFAULT CHARSET=utf8mb4 COLLATE=utf8mb4_unicode_ci;

CREATE TABLE `jobs` (
  `id` bigint(20) unsigned NOT NULL AUTO_INCREMENT,
  `queue` varchar(255) NOT NULL,
  `payload` longtext NOT NULL,
  `attempts` tinyint(3) unsigned NOT NULL,
  `reserved_at` int(10) unsigned DEFAULT NULL,
  `available_at` int(10) unsigned NOT NULL,
  `created_at` int(10) unsigned NOT NULL,
  PRIMARY KEY (`id`),
  KEY `jobs_queue_index` (`queue`)
) ENGINE=InnoDB AUTO_INCREMENT=37 DEFAULT CHARSET=utf8mb4 COLLATE=utf8mb4_unicode_ci;

INSERT INTO `jobs` VALUES (1,'default','{\"uuid\":\"0facef86-182a-408a-84a6-cd9705ffc8d7\",\"displayName\":\"App\\\\Events\\\\NouveauClientCree\",\"job\":\"Illuminate\\\\Queue\\\\CallQueuedHandler@call\",\"maxTries\":null,\"maxExceptions\":null,\"failOnTimeout\":false,\"backoff\":null,\"timeout\":null,\"retryUntil\":null,\"data\":{\"commandName\":\"Illuminate\\\\Broadcasting\\\\BroadcastEvent\",\"command\":\"O:38:\\\"Illuminate\\\\Broadcasting\\\\BroadcastEvent\\\":14:{s:5:\\\"event\\\";O:28:\\\"App\\\\Events\\\\NouveauClientCree\\\":2:{s:6:\\\"client\\\";O:45:\\\"Illuminate\\\\Contracts\\\\Database\\\\ModelIdentifier\\\":5:{s:5:\\\"class\\\";s:17:\\\"App\\\\Models\\\\Client\\\";s:2:\\\"id\\\";i:6;s:9:\\\"relations\\\";a:0:{}s:10:\\\"connection\\\";s:5:\\\"mysql\\\";s:15:\\\"collectionClass\\\";N;}s:7:\\\"filiale\\\";s:1:\\\"2\\\";}s:5:\\\"tries\\\";N;s:7:\\\"timeout\\\";N;s:7:\\\"backoff\\\";N;s:13:\\\"maxExceptions\\\";N;s:10:\\\"connection\\\";N;s:5:\\\"queue\\\";N;s:5:\\\"delay\\\";N;s:11:\\\"afterCommit\\\";N;s:10:\\\"middleware\\\";a:0:{}s:7:\\\"chained\\\";a:0:{}s:15:\\\"chainConnection\\\";N;s:10:\\\"chainQueue\\\";N;s:19:\\\"chainCatchCallbacks\\\";N;}\"},\"createdAt\":1756302523,\"delay\":null}',0,NULL,1756302523,1756302523),(2,'default','{\"uuid\":\"0eb0153d-a7fb-4f2b-8b43-f759685219f9\",\"displayName\":\"App\\\\Events\\\\NouveauClientCree\",\"job\":\"Illuminate\\\\Queue\\\\CallQueuedHandler@call\",\"maxTries\":null,\"maxExceptions\":null,\"failOnTimeout\":false,\"backoff\":null,\"timeout\":null,\"retryUntil\":null,\"data\":{\"commandName\":\"Illuminate\\\\Broadcasting\\\\BroadcastEvent\",\"command\":\"O:38:\\\"Illuminate\\\\Broadcasting\\\\BroadcastEvent\\\":14:{s:5:\\\"event\\\";O:28:\\\"App\\\\Events\\\\NouveauClientCree\\\":2:{s:6:\\\"client\\\";O:45:\\\"Illuminate\\\\Contracts\\\\Database\\\\ModelIdentifier\\\":5:{s:5:\\\"class\\\";s:17:\\\"App\\\\Models\\\\Client\\\";s:2:\\\"id\\\";i:7;s:9:\\\"relations\\\";a:0:{}s:10:\\\"connection\\\";s:5:\\\"mysql\\\";s:15:\\\"collectionClass\\\";N;}s:7:\\\"filiale\\\";s:1:\\\"2\\\";}s:5:\\\"tries\\\";N;s:7:\\\"timeout\\\";N;s:7:\\\"backoff\\\";N;s:13:\\\"maxExceptions\\\";N;s:10:\\\"connection\\\";N;s:5:\\\"queue\\\";N;s:5:\\\"delay\\\";N;s:11:\\\"afterCommit\\\";N;s:10:\\\"middleware\\\";a:0:{}s:7:\\\"chained\\\";a:0:{}s:15:\\\"chainConnection\\\";N;s:10:\\\"chainQueue\\\";N;s:19:\\\"chainCatchCallbacks\\\";N;}\"},\"createdAt\":1756307900,\"delay\":null}',0,NULL,1756307900,1756307900),(3,'default','{\"uuid\":\"700e9c0f-e6fb-4c7d-baa8-d96357da04f6\",\"displayName\":\"App\\\\Events\\\\NouvelleProformaCree\",\"job\":\"Illuminate\\\\Queue\\\\CallQueuedHandler@call\",\"maxTries\":null,\"maxExceptions\":null,\"failOnTimeout\":false,\"backoff\":null,\"timeout\":null,\"retryUntil\":null,\"data\":{\"commandName\":\"Illuminate\\\\Broadcasting\\\\BroadcastEvent\",\"command\":\"O:38:\\\"Illuminate\\\\Broadcasting\\\\BroadcastEvent\\\":14:{s:5:\\\"event\\\";O:31:\\\"App\\\\Events\\\\NouvelleProformaCree\\\":2:{s:8:\\\"proforma\\\";O:45:\\\"Illuminate\\\\Contracts\\\\Database\\\\ModelIdentifier\\\":5:{s:5:\\\"class\\\";s:19:\\\"App\\\\Models\\\\Proforma\\\";s:2:\\\"id\\\";i:3;s:9:\\\"relations\\\";a:0:{}s:10:\\\"connection\\\";s:5:\\\"mysql\\\";s:15:\\\"collectionClass\\\";N;}s:7:\\\"filiale\\\";i:1;}s:5:\\\"tries\\\";N;s:7:\\\"timeout\\\";N;s:7:\\\"backoff\\\";N;s:13:\\\"maxExceptions\\\";N;s:10:\\\"connection\\\";N;s:5:\\\"queue\\\";N;s:5:\\\"delay\\\";N;s:11:\\\"afterCommit\\\";N;s:10:\\\"middleware\\\";a:0:{}s:7:\\\"chained\\\";a:0:{}s:15:\\\"chainConnection\\\";N;s:10:\\\"chainQueue\\\";N;s:19:\\\"chainCatchCallbacks\\\";N;}\"},\"createdAt\":1756307992,\"delay\":null}',0,NULL,1756307992,1756307992),(4,'default','{\"uuid\":\"b479c0fd-e3ab-4b46-9007-74cd49332f1c\",\"displayName\":\"App\\\\Events\\\\NouveauClientCree\",\"job\":\"Illuminate\\\\Queue\\\\CallQueuedHandler@call\",\"maxTries\":null,\"maxExceptions\":null,\"failOnTimeout\":false,\"backoff\":null,\"timeout\":null,\"retryUntil\":null,\"data\":{\"commandName\":\"Illuminate\\\\Broadcasting\\\\BroadcastEvent\",\"command\":\"O:38:\\\"Illuminate\\\\Broadcasting\\\\BroadcastEvent\\\":14:{s:5:\\\"event\\\";O:28:\\\"App\\\\Events\\\\NouveauClientCree\\\":2:{s:6:\\\"client\\\";O:45:\\\"Illuminate\\\\Contracts\\\\Database\\\\ModelIdentifier\\\":5:{s:5:\\\"class\\\";s:17:\\\"App\\\\Models\\\\Client\\\";s:2:\\\"id\\\";i:8;s:9:\\\"relations\\\";a:0:{}s:10:\\\"connection\\\";s:5:\\\"mysql\\\";s:15:\\\"collectionClass\\\";N;}s:7:\\\"filiale\\\";s:1:\\\"2\\\";}s:5:\\\"tries\\\";N;s:7:\\\"timeout\\\";N;s:7:\\\"backoff\\\";N;s:13:\\\"maxExceptions\\\";N;s:10:\\\"connection\\\";N;s:5:\\\"queue\\\";N;s:5:\\\"delay\\\";N;s:11:\\\"afterCommit\\\";N;s:10:\\\"middleware\\\";a:0:{}s:7:\\\"chained\\\";a:0:{}s:15:\\\"chainConnection\\\";N;s:10:\\\"chainQueue\\\";N;s:19:\\\"chainCatchCallbacks\\\";N;}\"},\"createdAt\":1756310314,\"delay\":null}',0,NULL,1756310314,1756310314),(5,'default','{\"uuid\":\"167ece67-701c-44f2-90d2-f7bc979865a7\",\"displayName\":\"App\\\\Events\\\\NouveauClientCree\",\"job\":\"Illuminate\\\\Queue\\\\CallQueuedHandler@call\",\"maxTries\":null,\"maxExceptions\":null,\"failOnTimeout\":false,\"backoff\":null,\"timeout\":null,\"retryUntil\":null,\"data\":{\"commandName\":\"Illuminate\\\\Broadcasting\\\\BroadcastEvent\",\"command\":\"O:38:\\\"Illuminate\\\\Broadcasting\\\\BroadcastEvent\\\":14:{s:5:\\\"event\\\";O:28:\\\"App\\\\Events\\\\NouveauClientCree\\\":2:{s:6:\\\"client\\\";O:45:\\\"Illuminate\\\\Contracts\\\\Database\\\\ModelIdentifier\\\":5:{s:5:\\\"class\\\";s:17:\\\"App\\\\Models\\\\Client\\\";s:2:\\\"id\\\";i:9;s:9:\\\"relations\\\";a:0:{}s:10:\\\"connection\\\";s:5:\\\"mysql\\\";s:15:\\\"collectionClass\\\";N;}s:7:\\\"filiale\\\";s:1:\\\"2\\\";}s:5:\\\"tries\\\";N;s:7:\\\"timeout\\\";N;s:7:\\\"backoff\\\";N;s:13:\\\"maxExceptions\\\";N;s:10:\\\"connection\\\";N;s:5:\\\"queue\\\";N;s:5:\\\"delay\\\";N;s:11:\\\"afterCommit\\\";N;s:10:\\\"middleware\\\";a:0:{}s:7:\\\"chained\\\";a:0:{}s:15:\\\"chainConnection\\\";N;s:10:\\\"chainQueue\\\";N;s:19:\\\"chainCatchCallbacks\\\";N;}\"},\"createdAt\":1756312761,\"delay\":null}',0,NULL,1756312761,1756312761),(6,'default','{\"uuid\":\"c8a25610-681e-482b-b09c-1e84c4dbadfe\",\"displayName\":\"App\\\\Events\\\\NouvelleProformaCree\",\"job\":\"Illuminate\\\\Queue\\\\CallQueuedHandler@call\",\"maxTries\":null,\"maxExceptions\":null,\"failOnTimeout\":false,\"backoff\":null,\"timeout\":null,\"retryUntil\":null,\"data\":{\"commandName\":\"Illuminate\\\\Broadcasting\\\\BroadcastEvent\",\"command\":\"O:38:\\\"Illuminate\\\\Broadcasting\\\\BroadcastEvent\\\":14:{s:5:\\\"event\\\";O:31:\\\"App\\\\Events\\\\NouvelleProformaCree\\\":2:{s:8:\\\"proforma\\\";O:45:\\\"Illuminate\\\\Contracts\\\\Database\\\\ModelIdentifier\\\":5:{s:5:\\\"class\\\";s:19:\\\"App\\\\Models\\\\Proforma\\\";s:2:\\\"id\\\";i:3;s:9:\\\"relations\\\";a:0:{}s:10:\\\"connection\\\";s:5:\\\"mysql\\\";s:15:\\\"collectionClass\\\";N;}s:7:\\\"filiale\\\";i:1;}s:5:\\\"tries\\\";N;s:7:\\\"timeout\\\";N;s:7:\\\"backoff\\\";N;s:13:\\\"maxExceptions\\\";N;s:10:\\\"connection\\\";N;s:5:\\\"queue\\\";N;s:5:\\\"delay\\\";N;s:11:\\\"afterCommit\\\";N;s:10:\\\"middleware\\\";a:0:{}s:7:\\\"chained\\\";a:0:{}s:15:\\\"chainConnection\\\";N;s:10:\\\"chainQueue\\\";N;s:19:\\\"chainCatchCallbacks\\\";N;}\"},\"createdAt\":1756313060,\"delay\":null}',0,NULL,1756313060,1756313060),(7,'default','{\"uuid\":\"f7cfdab2-d1c8-4a81-9869-ee8bacd63660\",\"displayName\":\"App\\\\Events\\\\NouvelleFactureCree\",\"job\":\"Illuminate\\\\Queue\\\\CallQueuedHandler@call\",\"maxTries\":null,\"maxExceptions\":null,\"failOnTimeout\":false,\"backoff\":null,\"timeout\":null,\"retryUntil\":null,\"data\":{\"commandName\":\"Illuminate\\\\Broadcasting\\\\BroadcastEvent\",\"command\":\"O:38:\\\"Illuminate\\\\Broadcasting\\\\BroadcastEvent\\\":14:{s:5:\\\"event\\\";O:30:\\\"App\\\\Events\\\\NouvelleFactureCree\\\":2:{s:7:\\\"facture\\\";O:45:\\\"Illuminate\\\\Contracts\\\\Database\\\\ModelIdentifier\\\":5:{s:5:\\\"class\\\";s:18:\\\"App\\\\Models\\\\Facture\\\";s:2:\\\"id\\\";i:10;s:9:\\\"relations\\\";a:0:{}s:10:\\\"connection\\\";s:5:\\\"mysql\\\";s:15:\\\"collectionClass\\\";N;}s:7:\\\"filiale\\\";i:1;}s:5:\\\"tries\\\";N;s:7:\\\"timeout\\\";N;s:7:\\\"backoff\\\";N;s:13:\\\"maxExceptions\\\";N;s:10:\\\"connection\\\";N;s:5:\\\"queue\\\";N;s:5:\\\"delay\\\";N;s:11:\\\"afterCommit\\\";N;s:10:\\\"middleware\\\";a:0:{}s:7:\\\"chained\\\";a:0:{}s:15:\\\"chainConnection\\\";N;s:10:\\\"chainQueue\\\";N;s:19:\\\"chainCatchCallbacks\\\";N;}\"},\"createdAt\":1756375507,\"delay\":null}',0,NULL,1756375507,1756375507),(8,'default','{\"uuid\":\"9689a252-dea8-41ee-ac04-a38f33e81ebb\",\"displayName\":\"App\\\\Events\\\\NouvelleFactureCree\",\"job\":\"Illuminate\\\\Queue\\\\CallQueuedHandler@call\",\"maxTries\":null,\"maxExceptions\":null,\"failOnTimeout\":false,\"backoff\":null,\"timeout\":null,\"retryUntil\":null,\"data\":{\"commandName\":\"Illuminate\\\\Broadcasting\\\\BroadcastEvent\",\"command\":\"O:38:\\\"Illuminate\\\\Broadcasting\\\\BroadcastEvent\\\":14:{s:5:\\\"event\\\";O:30:\\\"App\\\\Events\\\\NouvelleFactureCree\\\":2:{s:7:\\\"facture\\\";O:45:\\\"Illuminate\\\\Contracts\\\\Database\\\\ModelIdentifier\\\":5:{s:5:\\\"class\\\";s:18:\\\"App\\\\Models\\\\Facture\\\";s:2:\\\"id\\\";i:11;s:9:\\\"relations\\\";a:0:{}s:10:\\\"connection\\\";s:5:\\\"mysql\\\";s:15:\\\"collectionClass\\\";N;}s:7:\\\"filiale\\\";i:1;}s:5:\\\"tries\\\";N;s:7:\\\"timeout\\\";N;s:7:\\\"backoff\\\";N;s:13:\\\"maxExceptions\\\";N;s:10:\\\"connection\\\";N;s:5:\\\"queue\\\";N;s:5:\\\"delay\\\";N;s:11:\\\"afterCommit\\\";N;s:10:\\\"middleware\\\";a:0:{}s:7:\\\"chained\\\";a:0:{}s:15:\\\"chainConnection\\\";N;s:10:\\\"chainQueue\\\";N;s:19:\\\"chainCatchCallbacks\\\";N;}\"},\"createdAt\":1756485105,\"delay\":null}',0,NULL,1756485105,1756485105),(9,'default','{\"uuid\":\"6cbfe559-ef4d-4f0b-8d59-35d8b6e0c966\",\"displayName\":\"App\\\\Events\\\\NouvelleFactureCree\",\"job\":\"Illuminate\\\\Queue\\\\CallQueuedHandler@call\",\"maxTries\":null,\"maxExceptions\":null,\"failOnTimeout\":false,\"backoff\":null,\"timeout\":null,\"retryUntil\":null,\"data\":{\"commandName\":\"Illuminate\\\\Broadcasting\\\\BroadcastEvent\",\"command\":\"O:38:\\\"Illuminate\\\\Broadcasting\\\\BroadcastEvent\\\":14:{s:5:\\\"event\\\";O:30:\\\"App\\\\Events\\\\NouvelleFactureCree\\\":2:{s:7:\\\"facture\\\";O:45:\\\"Illuminate\\\\Contracts\\\\Database\\\\ModelIdentifier\\\":5:{s:5:\\\"class\\\";s:18:\\\"App\\\\Models\\\\Facture\\\";s:2:\\\"id\\\";i:13;s:9:\\\"relations\\\";a:0:{}s:10:\\\"connection\\\";s:5:\\\"mysql\\\";s:15:\\\"collectionClass\\\";N;}s:7:\\\"filiale\\\";i:1;}s:5:\\\"tries\\\";N;s:7:\\\"timeout\\\";N;s:7:\\\"backoff\\\";N;s:13:\\\"maxExceptions\\\";N;s:10:\\\"connection\\\";N;s:5:\\\"queue\\\";N;s:5:\\\"delay\\\";N;s:11:\\\"afterCommit\\\";N;s:10:\\\"middleware\\\";a:0:{}s:7:\\\"chained\\\";a:0:{}s:15:\\\"chainConnection\\\";N;s:10:\\\"chainQueue\\\";N;s:19:\\\"chainCatchCallbacks\\\";N;}\"},\"createdAt\":1756745090,\"delay\":null}',0,NULL,1756745090,1756745090),(10,'default','{\"uuid\":\"c1e73cf4-1410-4509-a56e-4a81bd34d408\",\"displayName\":\"App\\\\Events\\\\NouvelleFactureCree\",\"job\":\"Illuminate\\\\Queue\\\\CallQueuedHandler@call\",\"maxTries\":null,\"maxExceptions\":null,\"failOnTimeout\":false,\"backoff\":null,\"timeout\":null,\"retryUntil\":null,\"data\":{\"commandName\":\"Illuminate\\\\Broadcasting\\\\BroadcastEvent\",\"command\":\"O:38:\\\"Illuminate\\\\Broadcasting\\\\BroadcastEvent\\\":14:{s:5:\\\"event\\\";O:30:\\\"App\\\\Events\\\\NouvelleFactureCree\\\":2:{s:7:\\\"facture\\\";O:45:\\\"Illuminate\\\\Contracts\\\\Database\\\\ModelIdentifier\\\":5:{s:5:\\\"class\\\";s:18:\\\"App\\\\Models\\\\Facture\\\";s:2:\\\"id\\\";i:14;s:9:\\\"relations\\\";a:0:{}s:10:\\\"connection\\\";s:5:\\\"mysql\\\";s:15:\\\"collectionClass\\\";N;}s:7:\\\"filiale\\\";i:1;}s:5:\\\"tries\\\";N;s:7:\\\"timeout\\\";N;s:7:\\\"backoff\\\";N;s:13:\\\"maxExceptions\\\";N;s:10:\\\"connection\\\";N;s:5:\\\"queue\\\";N;s:5:\\\"delay\\\";N;s:11:\\\"afterCommit\\\";N;s:10:\\\"middleware\\\";a:0:{}s:7:\\\"chained\\\";a:0:{}s:15:\\\"chainConnection\\\";N;s:10:\\\"chainQueue\\\";N;s:19:\\\"chainCatchCallbacks\\\";N;}\"},\"createdAt\":1756746306,\"delay\":null}',0,NULL,1756746306,1756746306),(11,'default','{\"uuid\":\"a6c549bd-d9b9-444e-be29-a575c0a92137\",\"displayName\":\"App\\\\Events\\\\NouvelleFactureCree\",\"job\":\"Illuminate\\\\Queue\\\\CallQueuedHandler@call\",\"maxTries\":null,\"maxExceptions\":null,\"failOnTimeout\":false,\"backoff\":null,\"timeout\":null,\"retryUntil\":null,\"data\":{\"commandName\":\"Illuminate\\\\Broadcasting\\\\BroadcastEvent\",\"command\":\"O:38:\\\"Illuminate\\\\Broadcasting\\\\BroadcastEvent\\\":14:{s:5:\\\"event\\\";O:30:\\\"App\\\\Events\\\\NouvelleFactureCree\\\":2:{s:7:\\\"facture\\\";O:45:\\\"Illuminate\\\\Contracts\\\\Database\\\\ModelIdentifier\\\":5:{s:5:\\\"class\\\";s:18:\\\"App\\\\Models\\\\Facture\\\";s:2:\\\"id\\\";i:15;s:9:\\\"relations\\\";a:0:{}s:10:\\\"connection\\\";s:5:\\\"mysql\\\";s:15:\\\"collectionClass\\\";N;}s:7:\\\"filiale\\\";i:1;}s:5:\\\"tries\\\";N;s:7:\\\"timeout\\\";N;s:7:\\\"backoff\\\";N;s:13:\\\"maxExceptions\\\";N;s:10:\\\"connection\\\";N;s:5:\\\"queue\\\";N;s:5:\\\"delay\\\";N;s:11:\\\"afterCommit\\\";N;s:10:\\\"middleware\\\";a:0:{}s:7:\\\"chained\\\";a:0:{}s:15:\\\"chainConnection\\\";N;s:10:\\\"chainQueue\\\";N;s:19:\\\"chainCatchCallbacks\\\";N;}\"},\"createdAt\":1756746329,\"delay\":null}',0,NULL,1756746329,1756746329),(12,'default','{\"uuid\":\"0ecb7fcd-9bf7-4188-828c-98e298407293\",\"displayName\":\"App\\\\Events\\\\NouvelleFactureCree\",\"job\":\"Illuminate\\\\Queue\\\\CallQueuedHandler@call\",\"maxTries\":null,\"maxExceptions\":null,\"failOnTimeout\":false,\"backoff\":null,\"timeout\":null,\"retryUntil\":null,\"data\":{\"commandName\":\"Illuminate\\\\Broadcasting\\\\BroadcastEvent\",\"command\":\"O:38:\\\"Illuminate\\\\Broadcasting\\\\BroadcastEvent\\\":14:{s:5:\\\"event\\\";O:30:\\\"App\\\\Events\\\\NouvelleFactureCree\\\":2:{s:7:\\\"facture\\\";O:45:\\\"Illuminate\\\\Contracts\\\\Database\\\\ModelIdentifier\\\":5:{s:5:\\\"class\\\";s:18:\\\"App\\\\Models\\\\Facture\\\";s:2:\\\"id\\\";i:16;s:9:\\\"relations\\\";a:0:{}s:10:\\\"connection\\\";s:5:\\\"mysql\\\";s:15:\\\"collectionClass\\\";N;}s:7:\\\"filiale\\\";i:1;}s:5:\\\"tries\\\";N;s:7:\\\"timeout\\\";N;s:7:\\\"backoff\\\";N;s:13:\\\"maxExceptions\\\";N;s:10:\\\"connection\\\";N;s:5:\\\"queue\\\";N;s:5:\\\"delay\\\";N;s:11:\\\"afterCommit\\\";N;s:10:\\\"middleware\\\";a:0:{}s:7:\\\"chained\\\";a:0:{}s:15:\\\"chainConnection\\\";N;s:10:\\\"chainQueue\\\";N;s:19:\\\"chainCatchCallbacks\\\";N;}\"},\"createdAt\":1756746858,\"delay\":null}',0,NULL,1756746858,1756746858),(13,'default','{\"uuid\":\"55b24cce-4566-4873-aeef-5e0cff75a6c0\",\"displayName\":\"App\\\\Events\\\\NouvelleFactureCree\",\"job\":\"Illuminate\\\\Queue\\\\CallQueuedHandler@call\",\"maxTries\":null,\"maxExceptions\":null,\"failOnTimeout\":false,\"backoff\":null,\"timeout\":null,\"retryUntil\":null,\"data\":{\"commandName\":\"Illuminate\\\\Broadcasting\\\\BroadcastEvent\",\"command\":\"O:38:\\\"Illuminate\\\\Broadcasting\\\\BroadcastEvent\\\":14:{s:5:\\\"event\\\";O:30:\\\"App\\\\Events\\\\NouvelleFactureCree\\\":2:{s:7:\\\"facture\\\";O:45:\\\"Illuminate\\\\Contracts\\\\Database\\\\ModelIdentifier\\\":5:{s:5:\\\"class\\\";s:18:\\\"App\\\\Models\\\\Facture\\\";s:2:\\\"id\\\";i:17;s:9:\\\"relations\\\";a:0:{}s:10:\\\"connection\\\";s:5:\\\"mysql\\\";s:15:\\\"collectionClass\\\";N;}s:7:\\\"filiale\\\";i:1;}s:5:\\\"tries\\\";N;s:7:\\\"timeout\\\";N;s:7:\\\"backoff\\\";N;s:13:\\\"maxExceptions\\\";N;s:10:\\\"connection\\\";N;s:5:\\\"queue\\\";N;s:5:\\\"delay\\\";N;s:11:\\\"afterCommit\\\";N;s:10:\\\"middleware\\\";a:0:{}s:7:\\\"chained\\\";a:0:{}s:15:\\\"chainConnection\\\";N;s:10:\\\"chainQueue\\\";N;s:19:\\\"chainCatchCallbacks\\\";N;}\"},\"createdAt\":1756802561,\"delay\":null}',0,NULL,1756802561,1756802561),(14,'default','{\"uuid\":\"24f3c1d2-0671-4673-bfe0-11d9c4ea1551\",\"displayName\":\"App\\\\Events\\\\NouvelleFactureCree\",\"job\":\"Illuminate\\\\Queue\\\\CallQueuedHandler@call\",\"maxTries\":null,\"maxExceptions\":null,\"failOnTimeout\":false,\"backoff\":null,\"timeout\":null,\"retryUntil\":null,\"data\":{\"commandName\":\"Illuminate\\\\Broadcasting\\\\BroadcastEvent\",\"command\":\"O:38:\\\"Illuminate\\\\Broadcasting\\\\BroadcastEvent\\\":14:{s:5:\\\"event\\\";O:30:\\\"App\\\\Events\\\\NouvelleFactureCree\\\":2:{s:7:\\\"facture\\\";O:45:\\\"Illuminate\\\\Contracts\\\\Database\\\\ModelIdentifier\\\":5:{s:5:\\\"class\\\";s:18:\\\"App\\\\Models\\\\Facture\\\";s:2:\\\"id\\\";i:18;s:9:\\\"relations\\\";a:0:{}s:10:\\\"connection\\\";s:5:\\\"mysql\\\";s:15:\\\"collectionClass\\\";N;}s:7:\\\"filiale\\\";i:1;}s:5:\\\"tries\\\";N;s:7:\\\"timeout\\\";N;s:7:\\\"backoff\\\";N;s:13:\\\"maxExceptions\\\";N;s:10:\\\"connection\\\";N;s:5:\\\"queue\\\";N;s:5:\\\"delay\\\";N;s:11:\\\"afterCommit\\\";N;s:10:\\\"middleware\\\";a:0:{}s:7:\\\"chained\\\";a:0:{}s:15:\\\"chainConnection\\\";N;s:10:\\\"chainQueue\\\";N;s:19:\\\"chainCatchCallbacks\\\";N;}\"},\"createdAt\":1756808215,\"delay\":null}',0,NULL,1756808215,1756808215),(15,'default','{\"uuid\":\"4efa5442-82e4-4b35-aea0-bd28136145ed\",\"displayName\":\"App\\\\Events\\\\NouvelleFactureCree\",\"job\":\"Illuminate\\\\Queue\\\\CallQueuedHandler@call\",\"maxTries\":null,\"maxExceptions\":null,\"failOnTimeout\":false,\"backoff\":null,\"timeout\":null,\"retryUntil\":null,\"data\":{\"commandName\":\"Illuminate\\\\Broadcasting\\\\BroadcastEvent\",\"command\":\"O:38:\\\"Illuminate\\\\Broadcasting\\\\BroadcastEvent\\\":14:{s:5:\\\"event\\\";O:30:\\\"App\\\\Events\\\\NouvelleFactureCree\\\":2:{s:7:\\\"facture\\\";O:45:\\\"Illuminate\\\\Contracts\\\\Database\\\\ModelIdentifier\\\":5:{s:5:\\\"class\\\";s:18:\\\"App\\\\Models\\\\Facture\\\";s:2:\\\"id\\\";i:19;s:9:\\\"relations\\\";a:0:{}s:10:\\\"connection\\\";s:5:\\\"mysql\\\";s:15:\\\"collectionClass\\\";N;}s:7:\\\"filiale\\\";i:1;}s:5:\\\"tries\\\";N;s:7:\\\"timeout\\\";N;s:7:\\\"backoff\\\";N;s:13:\\\"maxExceptions\\\";N;s:10:\\\"connection\\\";N;s:5:\\\"queue\\\";N;s:5:\\\"delay\\\";N;s:11:\\\"afterCommit\\\";N;s:10:\\\"middleware\\\";a:0:{}s:7:\\\"chained\\\";a:0:{}s:15:\\\"chainConnection\\\";N;s:10:\\\"chainQueue\\\";N;s:19:\\\"chainCatchCallbacks\\\";N;}\"},\"createdAt\":1756809630,\"delay\":null}',0,NULL,1756809630,1756809630),(16,'default','{\"uuid\":\"a4065061-60f3-40c0-9d2d-d83d755c6ae3\",\"displayName\":\"App\\\\Events\\\\NouvelleFactureCree\",\"job\":\"Illuminate\\\\Queue\\\\CallQueuedHandler@call\",\"maxTries\":null,\"maxExceptions\":null,\"failOnTimeout\":false,\"backoff\":null,\"timeout\":null,\"retryUntil\":null,\"data\":{\"commandName\":\"Illuminate\\\\Broadcasting\\\\BroadcastEvent\",\"command\":\"O:38:\\\"Illuminate\\\\Broadcasting\\\\BroadcastEvent\\\":14:{s:5:\\\"event\\\";O:30:\\\"App\\\\Events\\\\NouvelleFactureCree\\\":2:{s:7:\\\"facture\\\";O:45:\\\"Illuminate\\\\Contracts\\\\Database\\\\ModelIdentifier\\\":5:{s:5:\\\"class\\\";s:18:\\\"App\\\\Models\\\\Facture\\\";s:2:\\\"id\\\";i:20;s:9:\\\"relations\\\";a:0:{}s:10:\\\"connection\\\";s:5:\\\"mysql\\\";s:15:\\\"collectionClass\\\";N;}s:7:\\\"filiale\\\";i:1;}s:5:\\\"tries\\\";N;s:7:\\\"timeout\\\";N;s:7:\\\"backoff\\\";N;s:13:\\\"maxExceptions\\\";N;s:10:\\\"connection\\\";N;s:5:\\\"queue\\\";N;s:5:\\\"delay\\\";N;s:11:\\\"afterCommit\\\";N;s:10:\\\"middleware\\\";a:0:{}s:7:\\\"chained\\\";a:0:{}s:15:\\\"chainConnection\\\";N;s:10:\\\"chainQueue\\\";N;s:19:\\\"chainCatchCallbacks\\\";N;}\"},\"createdAt\":1756809929,\"delay\":null}',0,NULL,1756809929,1756809929),(17,'default','{\"uuid\":\"0e35a245-f05d-4edb-9d0e-21b85c38b33b\",\"displayName\":\"App\\\\Events\\\\NouvelleFactureCree\",\"job\":\"Illuminate\\\\Queue\\\\CallQueuedHandler@call\",\"maxTries\":null,\"maxExceptions\":null,\"failOnTimeout\":false,\"backoff\":null,\"timeout\":null,\"retryUntil\":null,\"data\":{\"commandName\":\"Illuminate\\\\Broadcasting\\\\BroadcastEvent\",\"command\":\"O:38:\\\"Illuminate\\\\Broadcasting\\\\BroadcastEvent\\\":14:{s:5:\\\"event\\\";O:30:\\\"App\\\\Events\\\\NouvelleFactureCree\\\":2:{s:7:\\\"facture\\\";O:45:\\\"Illuminate\\\\Contracts\\\\Database\\\\ModelIdentifier\\\":5:{s:5:\\\"class\\\";s:18:\\\"App\\\\Models\\\\Facture\\\";s:2:\\\"id\\\";i:21;s:9:\\\"relations\\\";a:0:{}s:10:\\\"connection\\\";s:5:\\\"mysql\\\";s:15:\\\"collectionClass\\\";N;}s:7:\\\"filiale\\\";i:1;}s:5:\\\"tries\\\";N;s:7:\\\"timeout\\\";N;s:7:\\\"backoff\\\";N;s:13:\\\"maxExceptions\\\";N;s:10:\\\"connection\\\";N;s:5:\\\"queue\\\";N;s:5:\\\"delay\\\";N;s:11:\\\"afterCommit\\\";N;s:10:\\\"middleware\\\";a:0:{}s:7:\\\"chained\\\";a:0:{}s:15:\\\"chainConnection\\\";N;s:10:\\\"chainQueue\\\";N;s:19:\\\"chainCatchCallbacks\\\";N;}\"},\"createdAt\":1756810152,\"delay\":null}',0,NULL,1756810152,1756810152),(18,'default','{\"uuid\":\"f19aa2b4-85ec-499a-90e5-8d7b83aaaa37\",\"displayName\":\"App\\\\Events\\\\NouvelleFactureCree\",\"job\":\"Illuminate\\\\Queue\\\\CallQueuedHandler@call\",\"maxTries\":null,\"maxExceptions\":null,\"failOnTimeout\":false,\"backoff\":null,\"timeout\":null,\"retryUntil\":null,\"data\":{\"commandName\":\"Illuminate\\\\Broadcasting\\\\BroadcastEvent\",\"command\":\"O:38:\\\"Illuminate\\\\Broadcasting\\\\BroadcastEvent\\\":14:{s:5:\\\"event\\\";O:30:\\\"App\\\\Events\\\\NouvelleFactureCree\\\":2:{s:7:\\\"facture\\\";O:45:\\\"Illuminate\\\\Contracts\\\\Database\\\\ModelIdentifier\\\":5:{s:5:\\\"class\\\";s:18:\\\"App\\\\Models\\\\Facture\\\";s:2:\\\"id\\\";i:22;s:9:\\\"relations\\\";a:0:{}s:10:\\\"connection\\\";s:5:\\\"mysql\\\";s:15:\\\"collectionClass\\\";N;}s:7:\\\"filiale\\\";i:1;}s:5:\\\"tries\\\";N;s:7:\\\"timeout\\\";N;s:7:\\\"backoff\\\";N;s:13:\\\"maxExceptions\\\";N;s:10:\\\"connection\\\";N;s:5:\\\"queue\\\";N;s:5:\\\"delay\\\";N;s:11:\\\"afterCommit\\\";N;s:10:\\\"middleware\\\";a:0:{}s:7:\\\"chained\\\";a:0:{}s:15:\\\"chainConnection\\\";N;s:10:\\\"chainQueue\\\";N;s:19:\\\"chainCatchCallbacks\\\";N;}\"},\"createdAt\":1756811170,\"delay\":null}',0,NULL,1756811170,1756811170),(19,'default','{\"uuid\":\"1c689848-f15d-46bd-a2c9-0392e03f7c2e\",\"displayName\":\"App\\\\Events\\\\NouvelleFactureCree\",\"job\":\"Illuminate\\\\Queue\\\\CallQueuedHandler@call\",\"maxTries\":null,\"maxExceptions\":null,\"failOnTimeout\":false,\"backoff\":null,\"timeout\":null,\"retryUntil\":null,\"data\":{\"commandName\":\"Illuminate\\\\Broadcasting\\\\BroadcastEvent\",\"command\":\"O:38:\\\"Illuminate\\\\Broadcasting\\\\BroadcastEvent\\\":14:{s:5:\\\"event\\\";O:30:\\\"App\\\\Events\\\\NouvelleFactureCree\\\":2:{s:7:\\\"facture\\\";O:45:\\\"Illuminate\\\\Contracts\\\\Database\\\\ModelIdentifier\\\":5:{s:5:\\\"class\\\";s:18:\\\"App\\\\Models\\\\Facture\\\";s:2:\\\"id\\\";i:23;s:9:\\\"relations\\\";a:0:{}s:10:\\\"connection\\\";s:5:\\\"mysql\\\";s:15:\\\"collectionClass\\\";N;}s:7:\\\"filiale\\\";i:1;}s:5:\\\"tries\\\";N;s:7:\\\"timeout\\\";N;s:7:\\\"backoff\\\";N;s:13:\\\"maxExceptions\\\";N;s:10:\\\"connection\\\";N;s:5:\\\"queue\\\";N;s:5:\\\"delay\\\";N;s:11:\\\"afterCommit\\\";N;s:10:\\\"middleware\\\";a:0:{}s:7:\\\"chained\\\";a:0:{}s:15:\\\"chainConnection\\\";N;s:10:\\\"chainQueue\\\";N;s:19:\\\"chainCatchCallbacks\\\";N;}\"},\"createdAt\":1756813121,\"delay\":null}',0,NULL,1756813121,1756813121),(20,'default','{\"uuid\":\"05f95474-66f0-4847-bee3-81f4e253c3ca\",\"displayName\":\"App\\\\Events\\\\NouvelleFactureCree\",\"job\":\"Illuminate\\\\Queue\\\\CallQueuedHandler@call\",\"maxTries\":null,\"maxExceptions\":null,\"failOnTimeout\":false,\"backoff\":null,\"timeout\":null,\"retryUntil\":null,\"data\":{\"commandName\":\"Illuminate\\\\Broadcasting\\\\BroadcastEvent\",\"command\":\"O:38:\\\"Illuminate\\\\Broadcasting\\\\BroadcastEvent\\\":14:{s:5:\\\"event\\\";O:30:\\\"App\\\\Events\\\\NouvelleFactureCree\\\":2:{s:7:\\\"facture\\\";O:45:\\\"Illuminate\\\\Contracts\\\\Database\\\\ModelIdentifier\\\":5:{s:5:\\\"class\\\";s:18:\\\"App\\\\Models\\\\Facture\\\";s:2:\\\"id\\\";i:24;s:9:\\\"relations\\\";a:0:{}s:10:\\\"connection\\\";s:5:\\\"mysql\\\";s:15:\\\"collectionClass\\\";N;}s:7:\\\"filiale\\\";i:1;}s:5:\\\"tries\\\";N;s:7:\\\"timeout\\\";N;s:7:\\\"backoff\\\";N;s:13:\\\"maxExceptions\\\";N;s:10:\\\"connection\\\";N;s:5:\\\"queue\\\";N;s:5:\\\"delay\\\";N;s:11:\\\"afterCommit\\\";N;s:10:\\\"middleware\\\";a:0:{}s:7:\\\"chained\\\";a:0:{}s:15:\\\"chainConnection\\\";N;s:10:\\\"chainQueue\\\";N;s:19:\\\"chainCatchCallbacks\\\";N;}\"},\"createdAt\":1756813434,\"delay\":null}',0,NULL,1756813434,1756813434),(21,'default','{\"uuid\":\"8e94b8a9-c87b-4625-ae12-80f8517b749b\",\"displayName\":\"App\\\\Events\\\\NouvelleFactureCree\",\"job\":\"Illuminate\\\\Queue\\\\CallQueuedHandler@call\",\"maxTries\":null,\"maxExceptions\":null,\"failOnTimeout\":false,\"backoff\":null,\"timeout\":null,\"retryUntil\":null,\"data\":{\"commandName\":\"Illuminate\\\\Broadcasting\\\\BroadcastEvent\",\"command\":\"O:38:\\\"Illuminate\\\\Broadcasting\\\\BroadcastEvent\\\":14:{s:5:\\\"event\\\";O:30:\\\"App\\\\Events\\\\NouvelleFactureCree\\\":2:{s:7:\\\"facture\\\";O:45:\\\"Illuminate\\\\Contracts\\\\Database\\\\ModelIdentifier\\\":5:{s:5:\\\"class\\\";s:18:\\\"App\\\\Models\\\\Facture\\\";s:2:\\\"id\\\";i:25;s:9:\\\"relations\\\";a:0:{}s:10:\\\"connection\\\";s:5:\\\"mysql\\\";s:15:\\\"collectionClass\\\";N;}s:7:\\\"filiale\\\";i:1;}s:5:\\\"tries\\\";N;s:7:\\\"timeout\\\";N;s:7:\\\"backoff\\\";N;s:13:\\\"maxExceptions\\\";N;s:10:\\\"connection\\\";N;s:5:\\\"queue\\\";N;s:5:\\\"delay\\\";N;s:11:\\\"afterCommit\\\";N;s:10:\\\"middleware\\\";a:0:{}s:7:\\\"chained\\\";a:0:{}s:15:\\\"chainConnection\\\";N;s:10:\\\"chainQueue\\\";N;s:19:\\\"chainCatchCallbacks\\\";N;}\"},\"createdAt\":1756813492,\"delay\":null}',0,NULL,1756813492,1756813492),(22,'default','{\"uuid\":\"d03ee087-47c0-483d-8a70-b91139fb61d2\",\"displayName\":\"App\\\\Events\\\\NouvelleFactureCree\",\"job\":\"Illuminate\\\\Queue\\\\CallQueuedHandler@call\",\"maxTries\":null,\"maxExceptions\":null,\"failOnTimeout\":false,\"backoff\":null,\"timeout\":null,\"retryUntil\":null,\"data\":{\"commandName\":\"Illuminate\\\\Broadcasting\\\\BroadcastEvent\",\"command\":\"O:38:\\\"Illuminate\\\\Broadcasting\\\\BroadcastEvent\\\":14:{s:5:\\\"event\\\";O:30:\\\"App\\\\Events\\\\NouvelleFactureCree\\\":2:{s:7:\\\"facture\\\";O:45:\\\"Illuminate\\\\Contracts\\\\Database\\\\ModelIdentifier\\\":5:{s:5:\\\"class\\\";s:18:\\\"App\\\\Models\\\\Facture\\\";s:2:\\\"id\\\";i:26;s:9:\\\"relations\\\";a:0:{}s:10:\\\"connection\\\";s:5:\\\"mysql\\\";s:15:\\\"collectionClass\\\";N;}s:7:\\\"filiale\\\";i:1;}s:5:\\\"tries\\\";N;s:7:\\\"timeout\\\";N;s:7:\\\"backoff\\\";N;s:13:\\\"maxExceptions\\\";N;s:10:\\\"connection\\\";N;s:5:\\\"queue\\\";N;s:5:\\\"delay\\\";N;s:11:\\\"afterCommit\\\";N;s:10:\\\"middleware\\\";a:0:{}s:7:\\\"chained\\\";a:0:{}s:15:\\\"chainConnection\\\";N;s:10:\\\"chainQueue\\\";N;s:19:\\\"chainCatchCallbacks\\\";N;}\"},\"createdAt\":1756822218,\"delay\":null}',0,NULL,1756822218,1756822218),(23,'default','{\"uuid\":\"96d251eb-c944-4c6a-96ae-9c5737a47239\",\"displayName\":\"App\\\\Events\\\\NouvelleFactureCree\",\"job\":\"Illuminate\\\\Queue\\\\CallQueuedHandler@call\",\"maxTries\":null,\"maxExceptions\":null,\"failOnTimeout\":false,\"backoff\":null,\"timeout\":null,\"retryUntil\":null,\"data\":{\"commandName\":\"Illuminate\\\\Broadcasting\\\\BroadcastEvent\",\"command\":\"O:38:\\\"Illuminate\\\\Broadcasting\\\\BroadcastEvent\\\":14:{s:5:\\\"event\\\";O:30:\\\"App\\\\Events\\\\NouvelleFactureCree\\\":2:{s:7:\\\"facture\\\";O:45:\\\"Illuminate\\\\Contracts\\\\Database\\\\ModelIdentifier\\\":5:{s:5:\\\"class\\\";s:18:\\\"App\\\\Models\\\\Facture\\\";s:2:\\\"id\\\";i:27;s:9:\\\"relations\\\";a:0:{}s:10:\\\"connection\\\";s:5:\\\"mysql\\\";s:15:\\\"collectionClass\\\";N;}s:7:\\\"filiale\\\";i:1;}s:5:\\\"tries\\\";N;s:7:\\\"timeout\\\";N;s:7:\\\"backoff\\\";N;s:13:\\\"maxExceptions\\\";N;s:10:\\\"connection\\\";N;s:5:\\\"queue\\\";N;s:5:\\\"delay\\\";N;s:11:\\\"afterCommit\\\";N;s:10:\\\"middleware\\\";a:0:{}s:7:\\\"chained\\\";a:0:{}s:15:\\\"chainConnection\\\";N;s:10:\\\"chainQueue\\\";N;s:19:\\\"chainCatchCallbacks\\\";N;}\"},\"createdAt\":1756822281,\"delay\":null}',0,NULL,1756822281,1756822281),(24,'default','{\"uuid\":\"8a1c2111-b655-44cd-aca0-cd7d519b70d4\",\"displayName\":\"App\\\\Events\\\\NouvelleFactureCree\",\"job\":\"Illuminate\\\\Queue\\\\CallQueuedHandler@call\",\"maxTries\":null,\"maxExceptions\":null,\"failOnTimeout\":false,\"backoff\":null,\"timeout\":null,\"retryUntil\":null,\"data\":{\"commandName\":\"Illuminate\\\\Broadcasting\\\\BroadcastEvent\",\"command\":\"O:38:\\\"Illuminate\\\\Broadcasting\\\\BroadcastEvent\\\":14:{s:5:\\\"event\\\";O:30:\\\"App\\\\Events\\\\NouvelleFactureCree\\\":2:{s:7:\\\"facture\\\";O:45:\\\"Illuminate\\\\Contracts\\\\Database\\\\ModelIdentifier\\\":5:{s:5:\\\"class\\\";s:18:\\\"App\\\\Models\\\\Facture\\\";s:2:\\\"id\\\";i:28;s:9:\\\"relations\\\";a:0:{}s:10:\\\"connection\\\";s:5:\\\"mysql\\\";s:15:\\\"collectionClass\\\";N;}s:7:\\\"filiale\\\";i:1;}s:5:\\\"tries\\\";N;s:7:\\\"timeout\\\";N;s:7:\\\"backoff\\\";N;s:13:\\\"maxExceptions\\\";N;s:10:\\\"connection\\\";N;s:5:\\\"queue\\\";N;s:5:\\\"delay\\\";N;s:11:\\\"afterCommit\\\";N;s:10:\\\"middleware\\\";a:0:{}s:7:\\\"chained\\\";a:0:{}s:15:\\\"chainConnection\\\";N;s:10:\\\"chainQueue\\\";N;s:19:\\\"chainCatchCallbacks\\\";N;}\"},\"createdAt\":1756822324,\"delay\":null}',0,NULL,1756822324,1756822324),(25,'default','{\"uuid\":\"a0e5f8a9-1f3b-4afb-83ed-e964da67a74e\",\"displayName\":\"App\\\\Events\\\\NouvelleFactureCree\",\"job\":\"Illuminate\\\\Queue\\\\CallQueuedHandler@call\",\"maxTries\":null,\"maxExceptions\":null,\"failOnTimeout\":false,\"backoff\":null,\"timeout\":null,\"retryUntil\":null,\"data\":{\"commandName\":\"Illuminate\\\\Broadcasting\\\\BroadcastEvent\",\"command\":\"O:38:\\\"Illuminate\\\\Broadcasting\\\\BroadcastEvent\\\":14:{s:5:\\\"event\\\";O:30:\\\"App\\\\Events\\\\NouvelleFactureCree\\\":2:{s:7:\\\"facture\\\";O:45:\\\"Illuminate\\\\Contracts\\\\Database\\\\ModelIdentifier\\\":5:{s:5:\\\"class\\\";s:18:\\\"App\\\\Models\\\\Facture\\\";s:2:\\\"id\\\";i:29;s:9:\\\"relations\\\";a:0:{}s:10:\\\"connection\\\";s:5:\\\"mysql\\\";s:15:\\\"collectionClass\\\";N;}s:7:\\\"filiale\\\";i:1;}s:5:\\\"tries\\\";N;s:7:\\\"timeout\\\";N;s:7:\\\"backoff\\\";N;s:13:\\\"maxExceptions\\\";N;s:10:\\\"connection\\\";N;s:5:\\\"queue\\\";N;s:5:\\\"delay\\\";N;s:11:\\\"afterCommit\\\";N;s:10:\\\"middleware\\\";a:0:{}s:7:\\\"chained\\\";a:0:{}s:15:\\\"chainConnection\\\";N;s:10:\\\"chainQueue\\\";N;s:19:\\\"chainCatchCallbacks\\\";N;}\"},\"createdAt\":1756822513,\"delay\":null}',0,NULL,1756822513,1756822513),(26,'default','{\"uuid\":\"bc8290e2-2064-49fc-a224-431ab67603f6\",\"displayName\":\"App\\\\Events\\\\NouvelleFactureCree\",\"job\":\"Illuminate\\\\Queue\\\\CallQueuedHandler@call\",\"maxTries\":null,\"maxExceptions\":null,\"failOnTimeout\":false,\"backoff\":null,\"timeout\":null,\"retryUntil\":null,\"data\":{\"commandName\":\"Illuminate\\\\Broadcasting\\\\BroadcastEvent\",\"command\":\"O:38:\\\"Illuminate\\\\Broadcasting\\\\BroadcastEvent\\\":14:{s:5:\\\"event\\\";O:30:\\\"App\\\\Events\\\\NouvelleFactureCree\\\":2:{s:7:\\\"facture\\\";O:45:\\\"Illuminate\\\\Contracts\\\\Database\\\\ModelIdentifier\\\":5:{s:5:\\\"class\\\";s:18:\\\"App\\\\Models\\\\Facture\\\";s:2:\\\"id\\\";i:30;s:9:\\\"relations\\\";a:0:{}s:10:\\\"connection\\\";s:5:\\\"mysql\\\";s:15:\\\"collectionClass\\\";N;}s:7:\\\"filiale\\\";i:1;}s:5:\\\"tries\\\";N;s:7:\\\"timeout\\\";N;s:7:\\\"backoff\\\";N;s:13:\\\"maxExceptions\\\";N;s:10:\\\"connection\\\";N;s:5:\\\"queue\\\";N;s:5:\\\"delay\\\";N;s:11:\\\"afterCommit\\\";N;s:10:\\\"middleware\\\";a:0:{}s:7:\\\"chained\\\";a:0:{}s:15:\\\"chainConnection\\\";N;s:10:\\\"chainQueue\\\";N;s:19:\\\"chainCatchCallbacks\\\";N;}\"},\"createdAt\":1756822671,\"delay\":null}',0,NULL,1756822671,1756822671),(27,'default','{\"uuid\":\"51940286-e26c-4cb1-8547-1cf6717ac39d\",\"displayName\":\"App\\\\Events\\\\NouvelleFactureCree\",\"job\":\"Illuminate\\\\Queue\\\\CallQueuedHandler@call\",\"maxTries\":null,\"maxExceptions\":null,\"failOnTimeout\":false,\"backoff\":null,\"timeout\":null,\"retryUntil\":null,\"data\":{\"commandName\":\"Illuminate\\\\Broadcasting\\\\BroadcastEvent\",\"command\":\"O:38:\\\"Illuminate\\\\Broadcasting\\\\BroadcastEvent\\\":14:{s:5:\\\"event\\\";O:30:\\\"App\\\\Events\\\\NouvelleFactureCree\\\":2:{s:7:\\\"facture\\\";O:45:\\\"Illuminate\\\\Contracts\\\\Database\\\\ModelIdentifier\\\":5:{s:5:\\\"class\\\";s:18:\\\"App\\\\Models\\\\Facture\\\";s:2:\\\"id\\\";i:31;s:9:\\\"relations\\\";a:0:{}s:10:\\\"connection\\\";s:5:\\\"mysql\\\";s:15:\\\"collectionClass\\\";N;}s:7:\\\"filiale\\\";i:1;}s:5:\\\"tries\\\";N;s:7:\\\"timeout\\\";N;s:7:\\\"backoff\\\";N;s:13:\\\"maxExceptions\\\";N;s:10:\\\"connection\\\";N;s:5:\\\"queue\\\";N;s:5:\\\"delay\\\";N;s:11:\\\"afterCommit\\\";N;s:10:\\\"middleware\\\";a:0:{}s:7:\\\"chained\\\";a:0:{}s:15:\\\"chainConnection\\\";N;s:10:\\\"chainQueue\\\";N;s:19:\\\"chainCatchCallbacks\\\";N;}\"},\"createdAt\":1756823038,\"delay\":null}',0,NULL,1756823038,1756823038),(28,'default','{\"uuid\":\"9e72a982-de65-404f-a0c4-fd578bdce0f2\",\"displayName\":\"App\\\\Events\\\\NouveauClientCree\",\"job\":\"Illuminate\\\\Queue\\\\CallQueuedHandler@call\",\"maxTries\":null,\"maxExceptions\":null,\"failOnTimeout\":false,\"backoff\":null,\"timeout\":null,\"retryUntil\":null,\"data\":{\"commandName\":\"Illuminate\\\\Broadcasting\\\\BroadcastEvent\",\"command\":\"O:38:\\\"Illuminate\\\\Broadcasting\\\\BroadcastEvent\\\":14:{s:5:\\\"event\\\";O:28:\\\"App\\\\Events\\\\NouveauClientCree\\\":2:{s:6:\\\"client\\\";O:45:\\\"Illuminate\\\\Contracts\\\\Database\\\\ModelIdentifier\\\":5:{s:5:\\\"class\\\";s:17:\\\"App\\\\Models\\\\Client\\\";s:2:\\\"id\\\";i:10;s:9:\\\"relations\\\";a:0:{}s:10:\\\"connection\\\";s:5:\\\"mysql\\\";s:15:\\\"collectionClass\\\";N;}s:7:\\\"filiale\\\";s:1:\\\"2\\\";}s:5:\\\"tries\\\";N;s:7:\\\"timeout\\\";N;s:7:\\\"backoff\\\";N;s:13:\\\"maxExceptions\\\";N;s:10:\\\"connection\\\";N;s:5:\\\"queue\\\";N;s:5:\\\"delay\\\";N;s:11:\\\"afterCommit\\\";N;s:10:\\\"middleware\\\";a:0:{}s:7:\\\"chained\\\";a:0:{}s:15:\\\"chainConnection\\\";N;s:10:\\\"chainQueue\\\";N;s:19:\\\"chainCatchCallbacks\\\";N;}\"},\"createdAt\":1756910274,\"delay\":null}',0,NULL,1756910274,1756910274),(29,'default','{\"uuid\":\"8ffc4d51-2eb3-40c8-a664-91fa531aaf02\",\"displayName\":\"App\\\\Events\\\\NouvelArticleCree\",\"job\":\"Illuminate\\\\Queue\\\\CallQueuedHandler@call\",\"maxTries\":null,\"maxExceptions\":null,\"failOnTimeout\":false,\"backoff\":null,\"timeout\":null,\"retryUntil\":null,\"data\":{\"commandName\":\"Illuminate\\\\Broadcasting\\\\BroadcastEvent\",\"command\":\"O:38:\\\"Illuminate\\\\Broadcasting\\\\BroadcastEvent\\\":14:{s:5:\\\"event\\\";O:28:\\\"App\\\\Events\\\\NouvelArticleCree\\\":2:{s:7:\\\"article\\\";O:45:\\\"Illuminate\\\\Contracts\\\\Database\\\\ModelIdentifier\\\":5:{s:5:\\\"class\\\";s:25:\\\"App\\\\Models\\\\CatalogArticle\\\";s:2:\\\"id\\\";i:11;s:9:\\\"relations\\\";a:0:{}s:10:\\\"connection\\\";s:5:\\\"mysql\\\";s:15:\\\"collectionClass\\\";N;}s:7:\\\"filiale\\\";i:2;}s:5:\\\"tries\\\";N;s:7:\\\"timeout\\\";N;s:7:\\\"backoff\\\";N;s:13:\\\"maxExceptions\\\";N;s:10:\\\"connection\\\";N;s:5:\\\"queue\\\";N;s:5:\\\"delay\\\";N;s:11:\\\"afterCommit\\\";N;s:10:\\\"middleware\\\";a:0:{}s:7:\\\"chained\\\";a:0:{}s:15:\\\"chainConnection\\\";N;s:10:\\\"chainQueue\\\";N;s:19:\\\"chainCatchCallbacks\\\";N;}\"},\"createdAt\":1756911961,\"delay\":null}',0,NULL,1756911961,1756911961),(30,'default','{\"uuid\":\"8d0cd133-66a0-44bb-81e6-254c24090130\",\"displayName\":\"App\\\\Events\\\\NouvelArticleCree\",\"job\":\"Illuminate\\\\Queue\\\\CallQueuedHandler@call\",\"maxTries\":null,\"maxExceptions\":null,\"failOnTimeout\":false,\"backoff\":null,\"timeout\":null,\"retryUntil\":null,\"data\":{\"commandName\":\"Illuminate\\\\Broadcasting\\\\BroadcastEvent\",\"command\":\"O:38:\\\"Illuminate\\\\Broadcasting\\\\BroadcastEvent\\\":14:{s:5:\\\"event\\\";O:28:\\\"App\\\\Events\\\\NouvelArticleCree\\\":2:{s:7:\\\"article\\\";O:45:\\\"Illuminate\\\\Contracts\\\\Database\\\\ModelIdentifier\\\":5:{s:5:\\\"class\\\";s:25:\\\"App\\\\Models\\\\CatalogArticle\\\";s:2:\\\"id\\\";i:12;s:9:\\\"relations\\\";a:0:{}s:10:\\\"connection\\\";s:5:\\\"mysql\\\";s:15:\\\"collectionClass\\\";N;}s:7:\\\"filiale\\\";i:2;}s:5:\\\"tries\\\";N;s:7:\\\"timeout\\\";N;s:7:\\\"backoff\\\";N;s:13:\\\"maxExceptions\\\";N;s:10:\\\"connection\\\";N;s:5:\\\"queue\\\";N;s:5:\\\"delay\\\";N;s:11:\\\"afterCommit\\\";N;s:10:\\\"middleware\\\";a:0:{}s:7:\\\"chained\\\";a:0:{}s:15:\\\"chainConnection\\\";N;s:10:\\\"chainQueue\\\";N;s:19:\\\"chainCatchCallbacks\\\";N;}\"},\"createdAt\":1756912023,\"delay\":null}',0,NULL,1756912023,1756912023),(31,'default','{\"uuid\":\"eef05959-fa54-4e5a-9c82-b327621a2387\",\"displayName\":\"App\\\\Events\\\\NouvelArticleCree\",\"job\":\"Illuminate\\\\Queue\\\\CallQueuedHandler@call\",\"maxTries\":null,\"maxExceptions\":null,\"failOnTimeout\":false,\"backoff\":null,\"timeout\":null,\"retryUntil\":null,\"data\":{\"commandName\":\"Illuminate\\\\Broadcasting\\\\BroadcastEvent\",\"command\":\"O:38:\\\"Illuminate\\\\Broadcasting\\\\BroadcastEvent\\\":14:{s:5:\\\"event\\\";O:28:\\\"App\\\\Events\\\\NouvelArticleCree\\\":2:{s:7:\\\"article\\\";O:45:\\\"Illuminate\\\\Contracts\\\\Database\\\\ModelIdentifier\\\":5:{s:5:\\\"class\\\";s:25:\\\"App\\\\Models\\\\CatalogArticle\\\";s:2:\\\"id\\\";i:13;s:9:\\\"relations\\\";a:0:{}s:10:\\\"connection\\\";s:5:\\\"mysql\\\";s:15:\\\"collectionClass\\\";N;}s:7:\\\"filiale\\\";i:2;}s:5:\\\"tries\\\";N;s:7:\\\"timeout\\\";N;s:7:\\\"backoff\\\";N;s:13:\\\"maxExceptions\\\";N;s:10:\\\"connection\\\";N;s:5:\\\"queue\\\";N;s:5:\\\"delay\\\";N;s:11:\\\"afterCommit\\\";N;s:10:\\\"middleware\\\";a:0:{}s:7:\\\"chained\\\";a:0:{}s:15:\\\"chainConnection\\\";N;s:10:\\\"chainQueue\\\";N;s:19:\\\"chainCatchCallbacks\\\";N;}\"},\"createdAt\":1756912088,\"delay\":null}',0,NULL,1756912088,1756912088),(32,'default','{\"uuid\":\"7dbc294a-11d3-4dc5-998e-b415be32056a\",\"displayName\":\"App\\\\Events\\\\NouvelArticleCree\",\"job\":\"Illuminate\\\\Queue\\\\CallQueuedHandler@call\",\"maxTries\":null,\"maxExceptions\":null,\"failOnTimeout\":false,\"backoff\":null,\"timeout\":null,\"retryUntil\":null,\"data\":{\"commandName\":\"Illuminate\\\\Broadcasting\\\\BroadcastEvent\",\"command\":\"O:38:\\\"Illuminate\\\\Broadcasting\\\\BroadcastEvent\\\":14:{s:5:\\\"event\\\";O:28:\\\"App\\\\Events\\\\NouvelArticleCree\\\":2:{s:7:\\\"article\\\";O:45:\\\"Illuminate\\\\Contracts\\\\Database\\\\ModelIdentifier\\\":5:{s:5:\\\"class\\\";s:25:\\\"App\\\\Models\\\\CatalogArticle\\\";s:2:\\\"id\\\";i:14;s:9:\\\"relations\\\";a:0:{}s:10:\\\"connection\\\";s:5:\\\"mysql\\\";s:15:\\\"collectionClass\\\";N;}s:7:\\\"filiale\\\";i:2;}s:5:\\\"tries\\\";N;s:7:\\\"timeout\\\";N;s:7:\\\"backoff\\\";N;s:13:\\\"maxExceptions\\\";N;s:10:\\\"connection\\\";N;s:5:\\\"queue\\\";N;s:5:\\\"delay\\\";N;s:11:\\\"afterCommit\\\";N;s:10:\\\"middleware\\\";a:0:{}s:7:\\\"chained\\\";a:0:{}s:15:\\\"chainConnection\\\";N;s:10:\\\"chainQueue\\\";N;s:19:\\\"chainCatchCallbacks\\\";N;}\"},\"createdAt\":1756912154,\"delay\":null}',0,NULL,1756912154,1756912154),(33,'default','{\"uuid\":\"79b5c6f1-b235-4fd1-8c30-8ae83fb72c83\",\"displayName\":\"App\\\\Events\\\\NouvelArticleCree\",\"job\":\"Illuminate\\\\Queue\\\\CallQueuedHandler@call\",\"maxTries\":null,\"maxExceptions\":null,\"failOnTimeout\":false,\"backoff\":null,\"timeout\":null,\"retryUntil\":null,\"data\":{\"commandName\":\"Illuminate\\\\Broadcasting\\\\BroadcastEvent\",\"command\":\"O:38:\\\"Illuminate\\\\Broadcasting\\\\BroadcastEvent\\\":14:{s:5:\\\"event\\\";O:28:\\\"App\\\\Events\\\\NouvelArticleCree\\\":2:{s:7:\\\"article\\\";O:45:\\\"Illuminate\\\\Contracts\\\\Database\\\\ModelIdentifier\\\":5:{s:5:\\\"class\\\";s:25:\\\"App\\\\Models\\\\CatalogArticle\\\";s:2:\\\"id\\\";i:15;s:9:\\\"relations\\\";a:0:{}s:10:\\\"connection\\\";s:5:\\\"mysql\\\";s:15:\\\"collectionClass\\\";N;}s:7:\\\"filiale\\\";i:2;}s:5:\\\"tries\\\";N;s:7:\\\"timeout\\\";N;s:7:\\\"backoff\\\";N;s:13:\\\"maxExceptions\\\";N;s:10:\\\"connection\\\";N;s:5:\\\"queue\\\";N;s:5:\\\"delay\\\";N;s:11:\\\"afterCommit\\\";N;s:10:\\\"middleware\\\";a:0:{}s:7:\\\"chained\\\";a:0:{}s:15:\\\"chainConnection\\\";N;s:10:\\\"chainQueue\\\";N;s:19:\\\"chainCatchCallbacks\\\";N;}\"},\"createdAt\":1756912194,\"delay\":null}',0,NULL,1756912194,1756912194),(34,'default','{\"uuid\":\"95071b9b-4b4d-4a11-94d0-0a43835a6bb9\",\"displayName\":\"App\\\\Events\\\\NouvelleProformaCree\",\"job\":\"Illuminate\\\\Queue\\\\CallQueuedHandler@call\",\"maxTries\":null,\"maxExceptions\":null,\"failOnTimeout\":false,\"backoff\":null,\"timeout\":null,\"retryUntil\":null,\"data\":{\"commandName\":\"Illuminate\\\\Broadcasting\\\\BroadcastEvent\",\"command\":\"O:38:\\\"Illuminate\\\\Broadcasting\\\\BroadcastEvent\\\":14:{s:5:\\\"event\\\";O:31:\\\"App\\\\Events\\\\NouvelleProformaCree\\\":2:{s:8:\\\"proforma\\\";O:45:\\\"Illuminate\\\\Contracts\\\\Database\\\\ModelIdentifier\\\":5:{s:5:\\\"class\\\";s:19:\\\"App\\\\Models\\\\Proforma\\\";s:2:\\\"id\\\";i:4;s:9:\\\"relations\\\";a:0:{}s:10:\\\"connection\\\";s:5:\\\"mysql\\\";s:15:\\\"collectionClass\\\";N;}s:7:\\\"filiale\\\";i:2;}s:5:\\\"tries\\\";N;s:7:\\\"timeout\\\";N;s:7:\\\"backoff\\\";N;s:13:\\\"maxExceptions\\\";N;s:10:\\\"connection\\\";N;s:5:\\\"queue\\\";N;s:5:\\\"delay\\\";N;s:11:\\\"afterCommit\\\";N;s:10:\\\"middleware\\\";a:0:{}s:7:\\\"chained\\\";a:0:{}s:15:\\\"chainConnection\\\";N;s:10:\\\"chainQueue\\\";N;s:19:\\\"chainCatchCallbacks\\\";N;}\"},\"createdAt\":1756912442,\"delay\":null}',0,NULL,1756912442,1756912442),(35,'default','{\"uuid\":\"c7c77569-44c8-4b91-88a2-dc08f635a799\",\"displayName\":\"App\\\\Events\\\\NouvelleFactureCree\",\"job\":\"Illuminate\\\\Queue\\\\CallQueuedHandler@call\",\"maxTries\":null,\"maxExceptions\":null,\"failOnTimeout\":false,\"backoff\":null,\"timeout\":null,\"retryUntil\":null,\"data\":{\"commandName\":\"Illuminate\\\\Broadcasting\\\\BroadcastEvent\",\"command\":\"O:38:\\\"Illuminate\\\\Broadcasting\\\\BroadcastEvent\\\":14:{s:5:\\\"event\\\";O:30:\\\"App\\\\Events\\\\NouvelleFactureCree\\\":2:{s:7:\\\"facture\\\";O:45:\\\"Illuminate\\\\Contracts\\\\Database\\\\ModelIdentifier\\\":5:{s:5:\\\"class\\\";s:18:\\\"App\\\\Models\\\\Facture\\\";s:2:\\\"id\\\";i:32;s:9:\\\"relations\\\";a:0:{}s:10:\\\"connection\\\";s:5:\\\"mysql\\\";s:15:\\\"collectionClass\\\";N;}s:7:\\\"filiale\\\";i:1;}s:5:\\\"tries\\\";N;s:7:\\\"timeout\\\";N;s:7:\\\"backoff\\\";N;s:13:\\\"maxExceptions\\\";N;s:10:\\\"connection\\\";N;s:5:\\\"queue\\\";N;s:5:\\\"delay\\\";N;s:11:\\\"afterCommit\\\";N;s:10:\\\"middleware\\\";a:0:{}s:7:\\\"chained\\\";a:0:{}s:15:\\\"chainConnection\\\";N;s:10:\\\"chainQueue\\\";N;s:19:\\\"chainCatchCallbacks\\\";N;}\"},\"createdAt\":1756913492,\"delay\":null}',0,NULL,1756913492,1756913492),(36,'default','{\"uuid\":\"3abea10c-d3f8-421c-aa0d-68a3fc5479e2\",\"displayName\":\"App\\\\Events\\\\NouvelleFactureCree\",\"job\":\"Illuminate\\\\Queue\\\\CallQueuedHandler@call\",\"maxTries\":null,\"maxExceptions\":null,\"failOnTimeout\":false,\"backoff\":null,\"timeout\":null,\"retryUntil\":null,\"data\":{\"commandName\":\"Illuminate\\\\Broadcasting\\\\BroadcastEvent\",\"command\":\"O:38:\\\"Illuminate\\\\Broadcasting\\\\BroadcastEvent\\\":14:{s:5:\\\"event\\\";O:30:\\\"App\\\\Events\\\\NouvelleFactureCree\\\":2:{s:7:\\\"facture\\\";O:45:\\\"Illuminate\\\\Contracts\\\\Database\\\\ModelIdentifier\\\":5:{s:5:\\\"class\\\";s:18:\\\"App\\\\Models\\\\Facture\\\";s:2:\\\"id\\\";i:33;s:9:\\\"relations\\\";a:0:{}s:10:\\\"connection\\\";s:5:\\\"mysql\\\";s:15:\\\"collectionClass\\\";N;}s:7:\\\"filiale\\\";i:2;}s:5:\\\"tries\\\";N;s:7:\\\"timeout\\\";N;s:7:\\\"backoff\\\";N;s:13:\\\"maxExceptions\\\";N;s:10:\\\"connection\\\";N;s:5:\\\"queue\\\";N;s:5:\\\"delay\\\";N;s:11:\\\"afterCommit\\\";N;s:10:\\\"middleware\\\";a:0:{}s:7:\\\"chained\\\";a:0:{}s:15:\\\"chainConnection\\\";N;s:10:\\\"chainQueue\\\";N;s:19:\\\"chainCatchCallbacks\\\";N;}\"},\"createdAt\":1756914129,\"delay\":null}',0,NULL,1756914129,1756914129);

CREATE TABLE `migrations` (
  `id` int(10) unsigned NOT NULL AUTO_INCREMENT,
  `migration` varchar(255) NOT NULL,
  `batch` int(11) NOT NULL,
  PRIMARY KEY (`id`)
) ENGINE=InnoDB AUTO_INCREMENT=55 DEFAULT CHARSET=utf8mb4 COLLATE=utf8mb4_unicode_ci;

INSERT INTO `migrations` VALUES (1,'0001_01_01_000000_create_users_table',1),(2,'0001_01_01_000001_create_cache_table',1),(3,'0001_01_01_000002_create_jobs_table',1),(4,'2025_07_31_164751_create_clients_table',1),(5,'2025_07_31_165929_create_proformas_table',1),(6,'2025_08_01_101955_create_articles_table',1),(7,'2025_08_01_104744_create_proforma_articles_table',1),(8,'2025_08_01_124541_add_name_to_articles_table',1),(9,'2025_08_01_124850_add_name_to_articles_table',1),(10,'2025_08_01_131726_add_amount_to_proformas_table',2),(11,'2025_08_01_133708_remove_name_from_articles_table',3),(12,'2025_08_01_140015_create_activity_logs_table',3),(13,'2025_08_01_141528_create_factures_table',3),(14,'2025_08_01_141930_create_facture_articles_table',3),(15,'2025_08_01_143539_create_action_logs_table',3),(16,'2025_08_01_164006_add_facture_id_to_articles_table',3),(17,'2025_08_01_170418_add_proforma_id_to_factures_table',3),(18,'2025_08_01_170607_make_proforma_id_nullable_in_articles',3),(19,'2025_08_04_113638_make_user_id_nullable_in_action_logs',3),(20,'2025_08_04_130928_make_proforma_id_nullable_in_articles_table',3),(21,'2025_08_05_084035_create_activity_log_table',3),(22,'2025_08_05_084036_add_event_column_to_activity_log_table',3),(23,'2025_08_05_084037_add_batch_uuid_column_to_activity_log_table',3),(24,'2025_08_05_094344_add_status_to_proformas_table',3),(25,'2025_08_05_100634_add_status_to_factures_table',3),(26,'2025_08_05_114002_add_tva_rate_to_proformas_table',3),(27,'2025_08_05_120817_add_tva_rate_to_factures_table',3),(28,'2025_08_11_154019_add_envelope_id_to_proformas_table',3),(29,'2025_08_12_084036_create_catalog_articles_table',3),(30,'2025_08_13_111636_update_clients_table_replace_siret_tva',3),(31,'2025_08_13_112645_add_responsable_to_clients_table',3),(32,'2025_08_18_165644_create_filiales_table',3),(33,'2025_08_18_165754_add_filiale_id_to_clients_table',3),(34,'2025_08_18_165806_add_filiale_id_to_proformas_table',3),(35,'2025_08_18_165818_add_filiale_id_to_factures_table',3),(36,'2025_08_18_165827_add_filiale_id_to_articles_table',3),(37,'2025_08_19_094149_add_filiale_id_to_users_table',3),(38,'2025_08_19_104118_add_role_and_filiale_to_users_table',3),(39,'2025_08_20_113058_add_user_id_to_proformas_table',4),(40,'2025_08_20_114303_add_filiale_id_to_proformas_table',5),(41,'2025_08_20_114739_add_user_and_filiale_id_to_factures_table',6),(42,'2025_08_20_133944_add_filiale_id_to_logs_tables',7),(43,'2025_08_20_154230_add_filiale_id_to_articles_table',8),(44,'2025_08_20_160521_add_filiale_id_to_catalog_articles_table',9),(45,'2025_08_21_153845_add_logo_and_footer_to_filiales_table',10),(46,'2025_08_22_102420_add_user_id_to_activity_logs_table',11),(47,'2025_08_25_140628_add_numero_to_factures_table',12),(48,'2025_08_25_152030_add_description_and_remise_to_proformas_table',13),(49,'2025_08_25_165622_add_description_and_remise_to_factures_table',14),(50,'2025_08_29_162936_add_acompte_fields_to_factures_table',15),(51,'2025_09_01_161139_create_paiements_table',16),(52,'2025_09_01_163805_add_montant_paye_to_factures_table',17),(53,'2025_09_02_101939_add_pourcentage_to_paiements_table',18),(54,'2025_09_02_102627_add_pdf_path_to_paiements_table',19);

CREATE TABLE `paiements` (
  `id` bigint(20) unsigned NOT NULL AUTO_INCREMENT,
  `facture_id` bigint(20) unsigned NOT NULL,
  `montant` decimal(10,2) NOT NULL,
  `date_paiement` date NOT NULL,
  `mode_paiement` varchar(255) NOT NULL,
  `reference` varchar(255) DEFAULT NULL,
  `notes` text DEFAULT NULL,
  `pourcentage` decimal(5,2) NOT NULL DEFAULT 0.00,
  `pdf_path` varchar(255) DEFAULT NULL,
  `created_at` timestamp NULL DEFAULT NULL,
  `updated_at` timestamp NULL DEFAULT NULL,
  PRIMARY KEY (`id`),
  KEY `paiements_facture_id_foreign` (`facture_id`),
  CONSTRAINT `paiements_facture_id_foreign` FOREIGN KEY (`facture_id`) REFERENCES `factures` (`id`) ON DELETE CASCADE
) ENGINE=InnoDB AUTO_INCREMENT=37 DEFAULT CHARSET=utf8mb4 COLLATE=utf8mb4_unicode_ci;

INSERT INTO `paiements` VALUES (35,32,8407500.00,'2025-09-03','acompte',NULL,'Acompte initial de 50%',0.00,NULL,'2025-09-03 15:31:32','2025-09-03 15:31:32'),(36,33,76788.50,'2025-09-03','acompte',NULL,'Acompte initial de 50%',0.00,NULL,'2025-09-03 15:42:09','2025-09-03 15:42:09');

CREATE TABLE `password_reset_tokens` (
  `email` varchar(255) NOT NULL,
  `token` varchar(255) NOT NULL,
  `created_at` timestamp NULL DEFAULT NULL,
  PRIMARY KEY (`email`)
) ENGINE=InnoDB DEFAULT CHARSET=utf8mb4 COLLATE=utf8mb4_unicode_ci;

CREATE TABLE `proforma_articles` (
  `id` bigint(20) unsigned NOT NULL AUTO_INCREMENT,
  `proforma_id` bigint(20) unsigned NOT NULL,
  `name` varchar(255) NOT NULL,
  `quantity` int(11) NOT NULL,
  `unit_price` decimal(10,2) NOT NULL,
  `created_at` timestamp NULL DEFAULT NULL,
  `updated_at` timestamp NULL DEFAULT NULL,
  PRIMARY KEY (`id`),
  KEY `proforma_articles_proforma_id_foreign` (`proforma_id`),
  CONSTRAINT `proforma_articles_proforma_id_foreign` FOREIGN KEY (`proforma_id`) REFERENCES `proformas` (`id`) ON DELETE CASCADE
) ENGINE=InnoDB DEFAULT CHARSET=utf8mb4 COLLATE=utf8mb4_unicode_ci;

CREATE TABLE `proformas` (
  `id` bigint(20) unsigned NOT NULL AUTO_INCREMENT,
  `client_id` bigint(20) unsigned NOT NULL,
  `reference` varchar(255) NOT NULL,
  `date` date NOT NULL,
  `notes` text DEFAULT NULL,
  `created_at` timestamp NULL DEFAULT NULL,
  `status` varchar(255) NOT NULL DEFAULT 'en attente',
  `updated_at` timestamp NULL DEFAULT NULL,
  `amount` decimal(15,2) NOT NULL DEFAULT 0.00,
  `tva_rate` decimal(5,2) NOT NULL DEFAULT 18.00,
  `envelope_id` varchar(255) DEFAULT NULL,
  `user_id` bigint(20) unsigned DEFAULT NULL,
  `filiale_id` bigint(20) unsigned DEFAULT NULL,
  `description` text DEFAULT NULL,
  `remise` decimal(8,2) NOT NULL DEFAULT 0.00,
  PRIMARY KEY (`id`),
  UNIQUE KEY `proformas_reference_unique` (`reference`),
  KEY `proformas_client_id_foreign` (`client_id`),
  KEY `proformas_user_id_foreign` (`user_id`),
  KEY `proformas_filiale_id_foreign` (`filiale_id`),
  CONSTRAINT `proformas_client_id_foreign` FOREIGN KEY (`client_id`) REFERENCES `clients` (`id`) ON DELETE CASCADE,
  CONSTRAINT `proformas_filiale_id_foreign` FOREIGN KEY (`filiale_id`) REFERENCES `filiales` (`id`) ON DELETE SET NULL,
  CONSTRAINT `proformas_user_id_foreign` FOREIGN KEY (`user_id`) REFERENCES `users` (`id`) ON DELETE SET NULL
) ENGINE=InnoDB AUTO_INCREMENT=5 DEFAULT CHARSET=utf8mb4 COLLATE=utf8mb4_unicode_ci;

INSERT INTO `proformas` VALUES (3,1,'0107/DDCS/2025','2025-08-25',NULL,'2025-08-25 16:22:42','validée','2025-08-25 16:33:22',16815000.00,18.00,NULL,3,1,'MAINTENANCE ANNUELLE DGTCP',5.00),(4,10,'0001/YADICARCENTER/2025','2025-09-03',NULL,'2025-09-03 15:14:02','validée','2025-09-03 15:42:09',153577.00,18.00,NULL,5,2,'MAINTENANCE VEHICULE',5.00);

CREATE TABLE `sessions` (
  `id` varchar(255) NOT NULL,
  `user_id` bigint(20) unsigned DEFAULT NULL,
  `ip_address` varchar(45) DEFAULT NULL,
  `user_agent` text DEFAULT NULL,
  `payload` longtext NOT NULL,
  `last_activity` int(11) NOT NULL,
  PRIMARY KEY (`id`),
  KEY `sessions_user_id_index` (`user_id`),
  KEY `sessions_last_activity_index` (`last_activity`)
) ENGINE=InnoDB DEFAULT CHARSET=utf8mb4 COLLATE=utf8mb4_unicode_ci;

INSERT INTO `sessions` VALUES ('ByHXImh0CYTkhkN9dmGGSsQmBpLwAQdzQVHbQ1XL',2,'127.0.0.1','Mozilla/5.0 (Windows NT 10.0; Win64; x64; rv:142.0) Gecko/20100101 Firefox/142.0','YTo2OntzOjY6Il90b2tlbiI7czo0MDoiQUpINHoyYnNsc283OXpwYjcwQ0tDNjNDZW9ub1VKME5XcHRKNFJtSSI7czozOiJ1cmwiO2E6MDp7fXM6OToiX3ByZXZpb3VzIjthOjE6e3M6MzoidXJsIjtzOjMxOiJodHRwOi8vMTI3LjAuMC4xOjgwMDAvZGFzaGJvYXJkIjt9czo2OiJfZmxhc2giO2E6Mjp7czozOiJvbGQiO2E6MDp7fXM6MzoibmV3IjthOjA6e319czo1MDoibG9naW5fd2ViXzU5YmEzNmFkZGMyYjJmOTQwMTU4MGYwMTRjN2Y1OGVhNGUzMDk4OWQiO2k6MjtzOjQ6ImF1dGgiO2E6MTp7czoyMToicGFzc3dvcmRfY29uZmlybWVkX2F0IjtpOjE3NTcwNjE3MzQ7fX0=',1757066609),('t9RJOrLxSWR66ZFX3g8uwplZlJvKtaT89UMHCWDV',3,'127.0.0.1','Mozilla/5.0 (Windows NT 10.0; Win64; x64) AppleWebKit/537.36 (KHTML, like Gecko) Chrome/139.0.0.0 Safari/537.36 Edg/139.0.0.0','YTo2OntzOjY6Il90b2tlbiI7czo0MDoiVnBTNWpyaVZLa20ybjVnRjFUMjdZQWZjd0FaVzlzUWNGSVR5TEQ5MSI7czozOiJ1cmwiO2E6MDp7fXM6OToiX3ByZXZpb3VzIjthOjE6e3M6MzoidXJsIjtzOjMxOiJodHRwOi8vMTI3LjAuMC4xOjgwMDAvZGFzaGJvYXJkIjt9czo2OiJfZmxhc2giO2E6Mjp7czozOiJvbGQiO2E6MDp7fXM6MzoibmV3IjthOjA6e319czo1MDoibG9naW5fd2ViXzU5YmEzNmFkZGMyYjJmOTQwMTU4MGYwMTRjN2Y1OGVhNGUzMDk4OWQiO2k6MztzOjQ6ImF1dGgiO2E6MTp7czoyMToicGFzc3dvcmRfY29uZmlybWVkX2F0IjtpOjE3NTcwNjEwNDQ7fX0=',1757063809),('yyWmc7NFIZrMS2r7ZKzkFV6WTKmtsN71NdD3Kl6r',5,'127.0.0.1','Mozilla/5.0 (Windows NT 10.0; Win64; x64) AppleWebKit/537.36 (KHTML, like Gecko) Chrome/135.0.0.0 Safari/537.36 OPR/120.0.0.0','YTo2OntzOjY6Il90b2tlbiI7czo0MDoiNlVWZVFaRktkN0lqZnlNRFdLdHhucHp0eEl4SjB3eTN3Yjk3bkRwYyI7czo2OiJfZmxhc2giO2E6Mjp7czozOiJvbGQiO2E6MDp7fXM6MzoibmV3IjthOjA6e319czozOiJ1cmwiO2E6MDp7fXM6OToiX3ByZXZpb3VzIjthOjE6e3M6MzoidXJsIjtzOjMxOiJodHRwOi8vMTI3LjAuMC4xOjgwMDAvZGFzaGJvYXJkIjt9czo1MDoibG9naW5fd2ViXzU5YmEzNmFkZGMyYjJmOTQwMTU4MGYwMTRjN2Y1OGVhNGUzMDk4OWQiO2k6NTtzOjQ6ImF1dGgiO2E6MTp7czoyMToicGFzc3dvcmRfY29uZmlybWVkX2F0IjtpOjE3NTcwNjEwMjA7fX0=',1757066579);

CREATE TABLE `users` (
  `id` bigint(20) unsigned NOT NULL AUTO_INCREMENT,
  `name` varchar(255) NOT NULL,
  `email` varchar(255) NOT NULL,
  `email_verified_at` timestamp NULL DEFAULT NULL,
  `password` varchar(255) NOT NULL,
  `remember_token` varchar(100) DEFAULT NULL,
  `created_at` timestamp NULL DEFAULT NULL,
  `updated_at` timestamp NULL DEFAULT NULL,
  `filiale_id` bigint(20) unsigned DEFAULT NULL,
  `role` varchar(255) NOT NULL DEFAULT 'user',
  PRIMARY KEY (`id`),
  UNIQUE KEY `users_email_unique` (`email`),
  KEY `users_filiale_id_foreign` (`filiale_id`),
  CONSTRAINT `users_filiale_id_foreign` FOREIGN KEY (`filiale_id`) REFERENCES `filiales` (`id`)
) ENGINE=InnoDB AUTO_INCREMENT=6 DEFAULT CHARSET=utf8mb4 COLLATE=utf8mb4_unicode_ci;

INSERT INTO `users` VALUES (2,'Admin','admin@example.com',NULL,'$2y$12$gcOXam/.Ox0qW8BRZX7F/Oh29zKbbHfVKY7qBLyaLUV0kdnMGmQrO',NULL,'2025-08-19 11:12:21','2025-08-19 11:12:21',NULL,'admin'),(3,'KOUASSI Konan','con@gmail.com',NULL,'$2y$12$miz6AAqVY8IYfAzXutMDdO1x3HZ0q9PxJncGPHrfSv9VUuGKeWBn6',NULL,'2025-08-20 11:18:45','2025-08-20 11:19:48',1,'user'),(5,'Koné Yaya','test@gmail.com',NULL,'$2y$12$sGPoHPnX77cirb/eioAebuehGSBlSL53vUX3b9ys60unSN1k6Qeji',NULL,'2025-08-25 09:43:40','2025-08-25 09:43:40',2,'user');

CREATE TABLE `vehicule` (
  `id` int(11) NOT NULL AUTO_INCREMENT,
  `immatriculation` varchar(255) DEFAULT NULL,
  `marque` varchar(255) DEFAULT NULL,
  `modele` varchar(255) DEFAULT NULL,
  PRIMARY KEY (`id`)
) ENGINE=InnoDB DEFAULT CHARSET=utf8mb4 COLLATE=utf8mb4_general_ci;


CREATE TABLE `vehicule_logistique` (
  `id` int(11) NOT NULL AUTO_INCREMENT,
  `libelle` varchar(255) DEFAULT NULL,
  `tarif` int(11) DEFAULT NULL,
  PRIMARY KEY (`id`)
) ENGINE=InnoDB DEFAULT CHARSET=utf8mb4 COLLATE=utf8mb4_general_ci;

